jenis_kelamin,tgl_lahir,no_telp,alamat
P,16/8/1950,509-(255)453-6247,35745 4th Court
P,27/7/1947,63-(138)334-3087,87 Evergreen Avenue
P,24/1/1958,7-(175)660-9653,39 Prentice Place
L,2/10/1940,255-(131)506-8506,1359 Springview Terrace
L,22/5/1937,57-(542)232-6439,1 Sullivan Road
P,22/2/1968,502-(873)671-2390,524 Mayer Hill
P,15/2/1969,7-(375)103-5890,770 Canary Hill
L,18/3/1978,232-(712)553-2229,76796 Trailsway Court
P,1/9/1975,81-(138)352-1461,76 Porter Trail
P,7/5/1925,54-(819)741-0557,28 Elka Center
P,11/8/1986,46-(124)816-5967,8 Service Street
P,20/10/1982,84-(796)282-7406,109 Anzinger Terrace
L,1/11/1998,7-(763)962-4073,42938 Golf Course Park
P,19/8/1963,7-(290)644-4120,9 Lillian Alley
L,28/1/1972,84-(471)142-8761,25 Bowman Lane
P,29/6/1966,358-(243)506-4124,141 Tony Court
P,10/3/1928,970-(183)773-4089,364 Jenna Plaza
P,1/4/1942,62-(226)405-1142,2 Caliangt Park
L,26/8/1998,86-(740)990-2779,2175 Northfield Trail
P,7/6/1980,235-(647)920-0815,3046 Rigney Place
L,17/4/1951,1-(282)926-3404,8 Claremont Park
L,17/7/1926,81-(479)782-4410,27893 Namekagon Center
L,17/9/1962,7-(214)758-2988,899 Holy Cross Park
L,14/6/1946,48-(201)163-9055,3 Sullivan Parkway
P,1/4/1991,351-(739)581-7156,08101 Barby Way
P,6/10/1969,593-(363)652-3943,91 Everett Junction
L,6/6/1951,86-(985)255-9697,3712 Randy Circle
L,10/2/1935,63-(139)932-6956,0242 South Street
P,30/7/1982,62-(741)128-1510,36126 Muir Place
P,16/3/1926,994-(610)851-4643,6841 Monterey Hill
L,25/3/1926,47-(518)786-6304,6975 Eagle Crest Junction
L,4/6/1982,420-(555)339-5026,30228 Clyde Gallagher Plaza
P,23/7/1951,66-(158)896-2145,7 Boyd Center
L,28/5/1995,58-(839)666-5224,3 Nova Place
L,19/6/1993,380-(794)951-5650,5426 Mifflin Pass
L,23/3/1933,66-(871)497-2686,6530 Bluejay Pass
L,4/1/1993,52-(129)182-8652,4226 Mccormick Alley
P,27/3/1940,30-(388)498-8956,47773 Caliangt Avenue
L,12/7/1984,48-(947)838-7835,643 Monterey Avenue
P,9/7/1951,7-(563)854-2017,10 Gateway Crossing
L,19/11/1958,7-(229)120-9659,47 New Castle Point
P,30/1/1957,86-(897)327-2324,513 Kennedy Plaza
P,27/12/1974,33-(980)336-5859,9718 Scofield Avenue
P,3/8/1955,86-(837)176-8435,1 John Wall Place
P,21/4/1952,62-(127)704-3011,13658 Redwing Hill
P,3/4/1929,675-(779)927-6396,71353 Pine View Pass
P,28/9/1972,1-(933)285-3384,92064 Kings Park
P,17/5/1978,81-(228)941-1483,8351 Blue Bill Park Trail
P,27/11/1953,86-(269)966-3025,3 Charing Cross Plaza
L,20/12/1963,371-(478)820-6227,32374 Charing Cross Point
P,30/11/1962,62-(152)537-8988,88067 Farwell Way
P,16/11/1963,86-(639)750-4931,42 Bashford Center
L,7/3/1929,1-(516)851-9320,200 Ruskin Junction
P,20/1/1925,86-(918)519-8591,477 Coolidge Alley
L,6/8/1959,7-(521)312-0844,34 Carioca Plaza
P,23/4/1981,850-(595)205-9808,5 Eastlawn Hill
L,13/12/1937,86-(958)475-4618,77678 Chive Alley
P,11/9/1970,62-(384)204-5502,71 Nelson Park
P,6/8/1957,55-(607)406-3972,0855 Bonner Point
P,11/10/1956,7-(553)919-5775,5 Service Pass
P,4/1/1969,62-(262)395-2278,328 Saint Paul Point
P,23/11/1948,30-(106)431-1548,4 Hallows Hill
P,13/2/1967,967-(635)421-5555,4 Kipling Avenue
L,25/6/1989,7-(442)860-6104,23 Transport Plaza
L,24/11/1983,48-(864)293-2244,27925 Lyons Place
P,10/8/1923,86-(237)617-2306,5754 Summit Crossing
L,18/10/1924,86-(963)315-9195,78 Springs Plaza
P,18/3/1984,81-(395)487-3941,236 Graceland Hill
P,5/6/1945,62-(308)798-6202,3 Tennessee Hill
L,11/7/1967,351-(316)475-0782,1802 Riverside Way
L,22/8/1942,1-(648)181-5064,1273 Autumn Leaf Trail
P,19/3/1978,1-(210)825-3228,03279 Carey Lane
L,28/5/1992,967-(384)358-2011,3862 Dottie Circle
L,22/5/1973,375-(921)700-1304,709 Lyons Road
L,16/11/1922,7-(743)990-6357,7322 Johnson Terrace
P,2/5/1990,62-(503)526-5530,05 Loomis Avenue
P,6/11/1975,7-(619)113-2301,674 Northridge Road
P,27/6/1991,86-(980)495-3982,7131 Shoshone Crossing
L,1/10/1999,62-(661)108-6240,51 International Place
L,3/7/1921,95-(209)885-2297,976 Old Shore Trail
P,21/10/1952,62-(519)795-3919,2 Fremont Avenue
P,3/4/1989,385-(911)602-0698,9 Hollow Ridge Place
P,3/12/1992,86-(327)805-3573,808 Hoffman Lane
L,17/5/1987,55-(928)321-4298,455 Westridge Place
L,4/5/1996,48-(648)272-1153,9855 Rusk Street
P,28/3/1923,374-(771)842-3164,37037 Oneill Place
P,21/4/1990,86-(548)649-4618,3 Maryland Court
P,21/12/1979,63-(472)581-2014,4410 Westend Circle
P,17/6/1928,62-(872)677-7374,6825 Maple Wood Point
P,5/5/1952,7-(438)875-1466,49356 Dexter Alley
L,12/9/1994,62-(403)222-5428,67 Veith Pass
L,29/11/1949,375-(921)311-2104,46738 Northridge Terrace
L,15/9/1939,62-(846)772-2483,630 6th Circle
P,8/10/1996,55-(736)847-9459,817 Eggendart Street
L,5/8/1993,86-(909)261-2565,622 Ludington Park
P,28/1/1938,62-(196)223-4580,9 Mayfield Crossing
L,8/12/1999,387-(309)156-6035,252 Karstens Parkway
P,15/12/1988,63-(445)781-3998,8 Graceland Road
P,24/11/1991,970-(997)462-1303,96 Little Fleur Junction
L,25/1/1943,86-(831)253-2128,578 Laurel Court
L,31/3/1938,7-(618)855-2523,663 Superior Point
L,13/8/1939,63-(630)501-4851,15863 Buell Lane
P,31/12/1954,1-(256)493-7434,5170 Hollow Ridge Terrace
P,25/7/1984,46-(206)883-4537,112 Anderson Lane
P,9/9/1952,46-(444)987-0358,03 Shelley Street
P,9/6/1935,33-(403)544-3867,9682 Granby Pass
L,25/12/1937,62-(511)814-9453,5 Forster Road
P,8/12/1968,20-(928)806-4714,6011 Golden Leaf Crossing
L,10/3/1984,55-(969)223-0679,043 Shelley Drive
L,30/10/1933,63-(273)171-3057,18 Farwell Trail
L,9/8/1956,30-(942)542-9441,50 Northport Alley
P,29/3/1988,420-(799)734-1494,2 Pearson Terrace
L,3/12/1985,63-(858)210-1364,007 Shopko Parkway
P,29/10/1939,380-(452)935-2743,61 Sunfield Alley
P,14/9/1976,33-(964)584-0595,9 Hollow Ridge Circle
L,23/3/1949,52-(405)916-1977,0637 Warrior Road
L,11/9/1935,86-(908)373-4941,03858 Pine View Parkway
L,12/12/1989,351-(422)781-7630,5 Charing Cross Way
P,6/5/1969,33-(782)330-2748,85146 Cambridge Crossing
P,23/7/1953,7-(873)424-7895,82 Buell Parkway
P,20/10/1963,47-(522)548-1298,4661 Artisan Way
P,19/10/1948,998-(698)638-7946,725 Eastwood Drive
L,2/4/1971,30-(674)281-6072,98927 Corry Avenue
L,3/10/1995,63-(513)355-9692,7648 Bunting Park
L,26/6/1921,353-(315)627-0936,85 Mayer Parkway
P,31/5/1941,31-(263)655-5745,28 Carpenter Terrace
L,5/9/1999,86-(483)367-8671,67560 Hoepker Road
P,21/7/1925,84-(991)297-3105,155 Cottonwood Point
P,10/10/1972,351-(932)923-9681,0 Center Pass
L,4/6/1931,86-(336)765-4079,22 Summer Ridge Hill
L,24/12/1975,852-(761)631-0590,3865 Dawn Lane
L,19/8/1968,63-(775)785-1422,69 Mcbride Crossing
L,20/10/1940,86-(795)682-3818,5815 Stephen Way
L,5/9/1921,55-(529)465-2254,3330 Straubel Crossing
P,23/7/1956,351-(861)406-0641,5478 Mallard Street
P,22/11/1954,976-(394)627-5503,37 Gateway Way
L,23/3/1955,66-(459)179-5707,6 Vernon Drive
L,1/4/1937,55-(756)708-9987,49 Briar Crest Parkway
P,21/8/1991,1-(419)351-4686,08 Northland Parkway
P,28/12/1973,86-(872)890-5843,50 Milwaukee Street
P,20/6/1996,63-(763)547-8977,70 Anniversary Street
P,15/9/1952,81-(155)808-2989,599 Helena Trail
P,21/3/1959,86-(363)498-4644,5264 Coolidge Junction
L,22/9/1922,63-(357)206-5282,569 Oakridge Place
L,28/6/1932,45-(416)198-6187,5056 Rigney Park
P,22/7/1962,359-(887)915-0859,99451 Arizona Parkway
P,13/9/1952,57-(605)826-0176,27557 Shopko Circle
L,26/6/1999,1-(765)772-9767,19 Del Sol Terrace
L,12/11/1969,386-(911)758-3595,36 Scofield Parkway
P,24/2/1940,62-(783)439-6818,7279 Old Shore Way
P,29/3/1947,234-(554)234-5840,3 Novick Point
L,11/11/1936,216-(201)596-5911,61 Manley Drive
L,2/12/1961,7-(917)360-7075,73 Hoffman Alley
P,10/1/1956,1-(513)292-5171,11 Mosinee Parkway
P,25/2/1948,992-(781)979-6918,4 Hazelcrest Avenue
L,14/2/2001,62-(431)801-5804,7 New Castle Road
L,17/6/1994,54-(723)907-5705,170 Jenna Plaza
L,16/7/1933,967-(270)617-0330,62355 Forest Run Trail
L,20/1/1994,351-(759)690-3360,7 4th Alley
L,9/7/1963,62-(948)926-9140,8 Westridge Drive
L,10/6/1948,63-(560)753-6527,825 Trailsway Place
L,5/7/2001,62-(838)592-8828,69580 Florence Parkway
L,2/2/1949,86-(973)475-9261,84680 Hansons Avenue
P,22/8/1972,86-(568)681-5002,54182 Bartillon Center
L,9/9/1929,86-(305)164-9595,11 Sunbrook Place
L,8/6/1924,375-(215)367-1268,94609 Westerfield Road
L,14/9/1975,63-(419)453-8652,8 Brown Street
P,17/12/1964,82-(192)897-6382,0518 Calypso Parkway
P,20/11/1956,1-(690)837-9301,6 Merchant Drive
P,26/4/1947,86-(305)328-2316,1423 Holy Cross Park
P,21/4/1975,86-(487)727-7068,3709 Ridge Oak Court
P,11/10/1943,93-(396)137-0923,86276 Clemons Park
L,19/10/1968,389-(928)712-0839,717 Longview Circle
P,12/3/1956,387-(943)957-9127,24589 Kedzie Court
P,3/11/1933,86-(755)994-0483,0726 Sheridan Trail
L,6/2/1948,55-(608)466-3297,1010 Dawn Terrace
L,2/12/2000,86-(524)466-0954,11 Golf Course Way
L,6/2/1942,81-(620)842-6069,831 Bayside Pass
P,27/12/1975,86-(602)625-2130,13595 Daystar Drive
P,9/4/1956,1-(718)937-1434,80 Commercial Street
P,28/12/1984,86-(276)655-5297,9708 Barby Way
P,31/7/1983,63-(754)112-4108,91702 Kennedy Court
L,10/9/1945,62-(363)862-2962,3634 Pond Lane
L,25/1/1983,66-(897)784-8453,95 Manley Court
P,9/5/1978,420-(842)322-3625,7 Hooker Place
P,21/3/1959,62-(754)391-3076,2 Old Gate Place
P,28/5/1920,86-(555)911-6887,998 Linden Terrace
P,15/7/1966,84-(299)756-4500,6 Miller Road
L,29/10/1938,1-(453)672-9671,9691 Glacier Hill Parkway
P,18/11/1989,961-(354)478-9047,59 Havey Drive
P,26/8/1968,86-(902)235-3691,552 Northport Terrace
L,6/11/1922,86-(225)164-8648,1 Fairview Pass
P,24/12/1928,33-(986)958-1519,330 Jay Alley
L,29/6/1996,358-(616)112-3819,524 Mendota Street
L,14/1/1963,381-(903)255-5905,9077 West Place
P,22/7/1939,237-(526)887-7555,68130 Southridge Pass
P,2/5/1923,39-(384)831-5708,8 Emmet Pass
P,19/4/1977,48-(329)331-2018,32405 Lotheville Road
L,7/8/1946,86-(152)904-1170,26 Erie Crossing
L,8/3/1993,967-(435)794-2132,1 Ruskin Lane
P,30/9/1983,380-(721)309-3330,21330 Coolidge Point
P,12/8/1995,7-(703)224-1665,2 Lakewood Gardens Trail
P,21/1/1950,48-(541)715-8986,0 Lakewood Gardens Plaza
L,24/12/1937,374-(415)603-0285,97 Thackeray Lane
P,17/6/1949,86-(380)670-4290,85 Pleasure Trail
P,1/7/1963,7-(772)641-3804,26 Muir Park
L,19/1/1936,62-(282)559-3862,8 Karstens Drive
L,28/6/1996,1-(802)172-7362,44402 Twin Pines Terrace
L,14/9/1946,970-(930)698-2795,2913 Myrtle Lane
L,14/3/1937,359-(173)206-5118,29443 Myrtle Circle
L,2/12/1951,86-(240)188-9810,327 Memorial Trail
P,22/1/1942,506-(487)582-3323,56 Southridge Pass
P,19/2/1986,48-(899)943-7162,4334 Banding Pass
P,31/7/1927,93-(889)854-3864,34070 Hoard Terrace
P,3/7/1938,351-(942)711-2053,6 Pleasure Street
L,26/9/1981,62-(499)381-6319,73304 Clyde Gallagher Lane
L,3/7/1950,57-(935)518-1951,285 Manufacturers Terrace
L,23/8/1996,62-(773)438-1306,9483 Kennedy Circle
L,24/7/1983,7-(675)392-7006,78 Kedzie Terrace
L,1/9/1952,1-(269)828-7851,7 Bayside Road
L,10/11/1947,963-(237)615-3600,81326 Crest Line Road
L,16/2/1990,33-(783)935-8742,6 5th Avenue
L,18/1/1963,60-(275)747-7812,7301 Oak Valley Lane
L,27/12/1957,372-(548)329-0879,9 Derek Road
L,25/8/1965,357-(987)802-0518,32852 Goodland Park
P,26/10/1927,351-(634)204-0587,73 Susan Alley
P,5/5/1946,351-(908)763-8898,287 Magdeline Parkway
P,25/2/1950,63-(943)420-5456,55379 Manufacturers Trail
L,13/9/1986,86-(292)927-9970,96 Parkside Crossing
P,24/5/1921,351-(896)916-5434,038 Pond Parkway
L,22/6/1923,48-(667)413-7889,54 Spohn Park
L,26/11/1927,212-(788)288-2204,24 Reinke Park
L,19/1/1927,63-(860)707-8484,8738 Corben Drive
P,1/9/1973,62-(900)412-0186,9742 Fairfield Parkway
P,27/7/1944,63-(996)191-6460,2275 Pawling Place
P,28/1/1946,387-(831)581-8621,29272 Park Meadow Parkway
P,13/5/1960,86-(704)944-6285,33962 Arkansas Point
L,31/5/1924,7-(817)258-7856,42265 Bunker Hill Point
P,4/8/1943,55-(501)962-2227,08 Erie Place
P,24/4/1993,251-(314)606-8761,03070 2nd Park
P,27/12/1984,62-(552)240-6216,74778 Oak Trail
P,22/3/1976,86-(391)160-2434,051 Merrick Drive
L,11/6/1987,48-(900)563-2085,9823 Arkansas Way
P,4/8/1963,86-(342)255-3548,6 Cascade Avenue
P,7/12/1944,86-(655)636-2752,3060 Canary Pass
L,27/7/1986,86-(297)123-8103,65382 Parkside Terrace
P,22/4/1922,46-(556)185-5308,527 Hallows Way
P,27/5/1978,1-(515)262-0668,95100 Corry Trail
L,11/7/1963,502-(488)352-7003,2849 Eastwood Center
L,9/10/1926,63-(828)732-5820,143 Prairie Rose Road
P,1/8/1972,66-(796)186-5429,50141 Lakewood Gardens Trail
P,21/7/1945,86-(802)919-1486,393 Mosinee Hill
L,15/11/1932,39-(109)565-2487,56 Emmet Center
L,27/8/1965,63-(261)273-5384,60 Lakeland Place
P,15/5/1934,63-(284)170-8124,5194 Graceland Circle
P,2/4/1951,233-(641)153-2351,29006 Bayside Crossing
P,8/6/1950,86-(439)156-0094,52997 Charing Cross Park
L,27/4/1952,351-(728)686-9872,4821 Norway Maple Avenue
P,20/1/1952,381-(903)835-9154,3758 Loeprich Hill
P,2/10/1963,994-(510)734-1960,624 Del Sol Crossing
P,27/1/1944,98-(981)235-5750,115 Helena Way
L,27/8/1925,351-(291)682-3220,69 Welch Plaza
L,24/2/1967,1-(785)323-0806,99 Sommers Park
L,4/10/1974,375-(438)704-1816,46591 Pawling Center
P,22/5/1968,66-(394)339-7092,2 Hanover Road
L,24/3/1930,62-(462)549-3791,2649 Badeau Road
P,12/11/1967,55-(967)735-1391,6694 Dakota Street
P,20/11/1979,86-(599)314-9300,45505 Vermont Way
L,10/1/1998,506-(501)848-7044,6411 Garrison Drive
P,11/8/1952,57-(560)289-5950,39 Stephen Way
P,14/8/1932,1-(973)556-8466,1628 Judy Lane
P,18/2/1980,48-(475)597-3414,97022 Sachtjen Terrace
L,1/2/1928,82-(721)599-1558,73939 Dapin Place
L,22/2/1970,63-(880)730-5871,3076 Homewood Point
L,20/1/1963,51-(202)733-8754,88 Monterey Pass
P,19/6/1964,98-(667)849-9108,2440 Northport Center
L,25/12/1921,212-(205)904-7246,9641 Veith Circle
L,2/7/1924,66-(191)996-5586,5191 Sycamore Alley
P,15/5/1959,7-(304)334-0788,1 Sachs Place
L,1/12/1941,66-(783)849-9967,573 Clyde Gallagher Place
L,15/4/1942,57-(266)403-5825,2 Fairfield Lane
P,2/6/1927,381-(645)301-9975,552 Mesta Street
L,14/8/1940,48-(649)857-4131,29971 Colorado Circle
L,2/7/1937,62-(651)488-9241,70884 Lakewood Road
P,20/10/1958,86-(966)219-9132,184 High Crossing Terrace
P,30/11/1924,504-(808)121-7275,76105 Becker Hill
L,11/6/1931,62-(216)492-9448,047 Graedel Road
P,25/1/1937,63-(569)716-6151,52498 Bunting Way
P,21/7/1974,46-(355)121-4647,25 David Plaza
P,18/3/1924,55-(977)163-5394,98 Cardinal Terrace
L,17/9/1935,86-(735)404-8234,6 Buena Vista Street
P,9/5/1962,62-(620)201-9025,57 Pleasure Center
P,16/10/1953,62-(241)310-8357,49 Dorton Court
P,14/11/1950,7-(894)716-2991,63 Brown Center
P,2/9/1956,33-(386)640-9094,85088 Anthes Crossing
L,7/8/1955,212-(917)862-3506,7 Autumn Leaf Road
P,20/6/1987,386-(194)781-8327,96 Reindahl Circle
P,10/3/1960,86-(132)468-4889,6678 Comanche Court
P,12/4/1987,86-(289)709-4916,17831 Merchant Center
P,1/7/1956,62-(256)995-2608,5479 Brentwood Place
P,23/2/1986,63-(358)375-8516,71569 6th Drive
P,12/2/1932,269-(433)280-0650,64 Brentwood Way
P,8/5/1991,48-(264)566-6656,412 Anzinger Park
L,4/5/1926,86-(105)824-4196,48 Old Shore Lane
P,11/6/1960,62-(709)705-3051,64 Redwing Drive
P,10/1/1974,856-(553)634-1984,4 Stuart Avenue
P,26/5/1960,86-(318)213-9954,76 Muir Court
L,12/12/1960,27-(359)949-4047,1 Maple Wood Drive
P,18/4/1989,86-(822)559-9360,2 Delladonna Alley
P,10/4/1940,86-(983)579-4965,735 Carberry Park
P,13/4/1930,62-(957)292-7856,2325 1st Park
L,26/2/1953,57-(509)129-5426,45519 Hovde Junction
P,19/3/1954,967-(272)963-6550,5936 Waywood Road
L,22/11/1946,7-(665)621-6022,4578 Sheridan Road
L,30/7/1929,53-(328)994-0023,10 Continental Park
P,20/8/1993,66-(248)159-0631,52 Springview Drive
L,2/1/1990,62-(876)411-9660,2664 Riverside Center
P,7/2/1968,62-(684)975-5603,15 Russell Alley
P,18/9/1925,84-(978)874-6967,76902 Sloan Junction
P,19/9/1923,504-(109)449-5072,778 Merchant Way
L,1/3/1970,242-(560)457-6491,96911 Ohio Center
L,19/5/1992,7-(780)278-5933,15 Crowley Parkway
P,17/4/1985,27-(957)423-6081,5 Loftsgordon Terrace
P,10/8/1997,62-(590)570-8429,69427 Thackeray Street
P,10/9/1988,62-(652)500-6548,90793 American Ash Crossing
L,20/8/1975,7-(482)908-5608,274 Vernon Parkway
L,1/10/1990,55-(880)245-5221,19286 Holy Cross Circle
P,27/6/1935,55-(672)978-1555,92 Hermina Point
L,13/12/1996,86-(601)822-2260,15843 Shelley Drive
L,14/3/1985,86-(956)101-5018,32 Thompson Lane
L,29/10/1925,7-(166)587-7826,3024 Buell Junction
L,7/2/1949,94-(204)839-3738,89 Westend Circle
P,4/4/1991,86-(896)728-0968,73315 Lakewood Gardens Crossing
P,9/8/1932,51-(374)236-4350,0 Dryden Crossing
L,26/4/1931,86-(931)696-9631,301 Golf Course Point
P,18/1/1995,7-(318)826-4553,9492 Goodland Way
L,29/10/1932,63-(550)581-8018,50041 Manley Way
P,1/4/1968,33-(628)118-0769,32002 6th Lane
P,12/11/1987,62-(968)336-0962,7262 Holmberg Alley
P,15/2/1974,63-(479)488-4705,433 Swallow Circle
L,4/4/1968,7-(529)210-9184,61139 Westport Alley
L,8/9/1983,86-(316)322-4928,5 Quincy Way
L,29/10/1946,63-(523)839-8232,9 Harbort Hill
P,20/6/1992,86-(284)488-2931,2750 Carberry Hill
L,15/6/1933,48-(395)917-8808,5475 Ridgeview Drive
L,30/1/1983,962-(230)158-6492,87 Ruskin Junction
L,17/5/1982,55-(351)844-7689,6095 Pine View Circle
P,28/10/1981,86-(124)666-9572,9 Canary Way
L,19/11/1993,7-(383)237-8803,35 Oriole Terrace
P,8/5/2001,46-(810)672-7224,7649 Onsgard Court
P,13/12/1932,254-(738)744-8698,277 Bartelt Parkway
P,25/4/1984,1-(435)319-6370,232 Maryland Junction
P,5/11/1987,380-(720)152-2344,44 Blaine Center
L,5/2/1967,64-(262)584-2028,8 Mcguire Hill
L,11/10/1958,86-(176)579-1630,899 Starling Terrace
