no_invoice,tanggal,waktu_bayar,status,total_bayar,email_pembeli,nominal,nomor,kode_produk
V00001,11/1/2017,14/01/2017 23:04,2,Rp7000,hgisborne28@slashdot.org,5,088627968524,P00008
V00002,22/5/2016,24/05/2016 16:13,2,Rp102000,rosesnanes@nationalgeographic.com,100,087738354516,P000082
V00003,3/7/2016,,1,Rp202000,hstapleton38@geocities.com,200,087348158563,P000063
V00004,23/10/2016,,1,Rp152000,bweaver4f@ebay.com,150,083831936485,P0000111
V00005,12/11/2016,,1,Rp12000,jsedgeman20@sourceforge.net,10,089119013144,P000058
V00006,23/3/2017,,1,Rp27000,rreeson1y@cnet.com,25,080474700107,P000045
V00007,28/11/2016,02/12/2016 17:57,2,Rp52000,lbambrick2p@sfgate.com,50,085947800537,P00004
V00008,20/2/2016,23/02/2016 21:28,2,Rp12000,zheaton29@va.gov,10,084560686482,P0000142
V00009,25/7/2016,27/07/2016 23:29,2,Rp102000,hcastanaga1j@fda.gov,100,087520960388,P000033
V000010,1/3/2016,03/03/2016 06:04,2,Rp52000,cabby4b@cyberchimps.com,50,088272662800,P0000200
V000011,18/3/2016,21/03/2016 00:00,2,Rp7000,erihanek66@surveymonkey.com,5,081089491133,P0000141
V000012,10/7/2016,12/07/2016 22:13,2,Rp52000,istoate5w@wix.com,50,086011139268,P000025
V000013,10/7/2016,,1,Rp202000,rosesnanes@nationalgeographic.com,200,087738354516,P0000189
V000014,5/8/2016,08/08/2016 00:21,2,Rp12000,nwemm2e@meetup.com,10,083747569638,P000079
V000015,19/1/2016,,1,Rp12000,mthebeau1v@ed.gov,10,082171202428,P000016
V000016,28/11/2016,02/12/2016 06:10,2,Rp12000,vgissing12@google.fr,10,081227712578,P000023
V000017,14/4/2016,,1,Rp152000,evinas1f@stanford.edu,150,083507186620,P000034
V000018,12/2/2017,14/02/2017 03:05,2,Rp12000,mkeays6h@posterous.com,10,083800668752,P000086
V000019,16/10/2016,,1,Rp152000,jdinesen2y@vimeo.com,150,083915236091,P000062
V000020,12/12/2016,,1,Rp12000,pworsfold3n@chron.com,10,082400644516,P000058
V000021,18/3/2017,22/03/2017 09:48,2,Rp102000,lbottom1b@blinklist.com,100,084235158040,P000082
V000022,12/1/2016,16/01/2016 16:41,2,Rp52000,gbonifazio3f@adobe.com,50,088742477621,P000081
V000023,12/1/2016,14/01/2016 09:56,2,Rp102000,gtackell68@rambler.ru,100,088065222290,P000061
V000024,26/1/2016,,1,Rp102000,lradnage30@canalblog.com,100,082305706756,P000012
V000025,8/11/2016,,1,Rp52000,ebridgwoodb@fotki.com,50,084914571715,P0000123
V000026,2/1/2016,05/01/2016 13:49,2,Rp102000,bweaver4f@ebay.com,100,083831936485,P0000131
V000027,1/1/2016,04/01/2016 20:17,2,Rp27000,gcopes1@earthlink.net,25,087891654439,P000080
V000028,8/8/2016,,1,Rp202000,rmooney4j@theatlantic.com,200,084285996068,P000070
V000029,18/1/2017,,1,Rp27000,hcastanaga1j@fda.gov,25,087520960388,P000059
V000030,14/1/2016,,1,Rp27000,stither4h@google.ru,25,087640579752,P0000171
V000031,21/6/2016,,1,Rp12000,ccheale1p@bbc.co.uk,10,086362735784,P0000184
V000032,14/6/2016,,1,Rp202000,jjeffcoat5e@npr.org,200,087068389940,P0000154
V000033,16/1/2016,19/01/2016 13:31,2,Rp152000,atrowler5j@apple.com,150,084814125457,P0000181
V000034,21/12/2016,24/12/2016 04:48,2,Rp152000,kviles24@1688.com,150,084860494017,P0000139
V000035,27/6/2016,,1,Rp12000,hlinklet1a@answers.com,10,083809332578,P0000114
V000036,7/3/2017,10/03/2017 10:37,2,Rp7000,mcrichmer58@mac.com,5,084632469306,P0000134
V000037,3/12/2016,,1,Rp102000,bcradick3t@squidoo.com,100,080814514094,P0000159
V000038,7/8/2016,10/08/2016 10:39,2,Rp102000,zbaybutt6w@cafepress.com,100,088056138111,P000033
V000039,25/10/2016,,1,Rp152000,owoollam4e@amazonaws.com,150,083036699761,P0000132
V000040,15/2/2016,,1,Rp52000,rhaselhurst41@netvibes.com,50,085060224263,P000025
V000041,15/11/2016,,1,Rp152000,oernshaw9@ycombinator.com,150,084994136174,P000027
V000042,17/2/2017,19/02/2017 06:53,2,Rp152000,kbreukelman39@dot.gov,150,088560595824,P000034
V000043,20/5/2016,24/05/2016 14:29,2,Rp12000,klind1n@diigo.com,10,081938323903,P000079
V000044,18/1/2017,,1,Rp52000,vmessruther40@fc2.com,50,083764441781,P0000200
V000045,14/3/2016,18/03/2016 17:22,2,Rp27000,claraway1l@parallels.com,25,085029220527,P000038
V000046,29/5/2016,,1,Rp7000,mgarric5@amazon.de,5,085833193950,P000099
V000047,6/2/2017,10/02/2017 00:36,2,Rp202000,msteggals6q@ox.ac.uk,200,080200637897,P000077
V000048,4/9/2016,,1,Rp202000,lfendleyc@amazon.co.uk,200,086030943634,P0000140
V000049,17/1/2016,19/01/2016 22:26,2,Rp7000,dhurne4@nydailynews.com,5,081852887905,P000099
V000050,22/12/2016,26/12/2016 09:10,2,Rp52000,ktilbey2m@freewebs.com,50,083924851628,P0000193
V000051,29/11/2016,,1,Rp202000,bgenders52@noaa.gov,200,087905642654,P000035
V000052,31/8/2016,03/09/2016 00:56,2,Rp102000,rhaselhurst41@netvibes.com,100,085060224263,P000033
V000053,20/8/2016,24/08/2016 11:38,2,Rp152000,pworsfold3n@chron.com,150,082400644516,P000034
V000054,7/9/2016,,1,Rp102000,hluney5c@bloglovin.com,100,085261212980,P000012
V000055,7/4/2017,11/04/2017 20:19,2,Rp12000,fkynston4i@fda.gov,10,083108559522,P0000128
V000056,25/10/2016,,1,Rp52000,sbellward3z@google.com,50,087323309025,P0000102
V000057,22/6/2016,26/06/2016 06:09,2,Rp7000,mpowney2s@over-blog.com,5,084894394013,P000092
V000058,7/3/2016,09/03/2016 14:10,2,Rp152000,gmorgans14@nba.com,150,089947720529,P0000174
V000059,6/6/2016,,1,Rp152000,mthebeau1v@ed.gov,150,082171202428,P000097
V000060,2/3/2017,04/03/2017 14:13,2,Rp152000,minksteri@aol.com,150,089822940015,P0000132
V000061,7/9/2016,09/09/2016 18:35,2,Rp12000,sricardin6s@furl.net,10,085794978063,P000023
V000062,6/11/2016,08/11/2016 04:16,2,Rp7000,jguice6f@cyberchimps.com,5,088825342280,P000057
V000063,21/4/2016,25/04/2016 02:29,2,Rp7000,rbuckland36@last.fm,5,083267252458,P0000169
V000064,4/3/2016,,1,Rp52000,vgissing12@google.fr,50,081227712578,P000046
V000065,20/5/2016,23/05/2016 21:52,2,Rp102000,hbeloe1z@freewebs.com,100,084537215061,P000061
V000066,25/10/2016,28/10/2016 13:19,2,Rp152000,ntrevorr@fc2.com,150,083143078177,P000097
V000067,31/1/2017,02/02/2017 10:11,2,Rp27000,mpattison1d@spotify.com,25,080446590793,P0000115
V000068,28/9/2016,01/10/2016 09:54,2,Rp27000,ldoore32@loc.gov,25,084838437697,P0000199
V000069,10/12/2016,,1,Rp7000,hluney5c@bloglovin.com,5,085261212980,P00001
V000070,13/3/2016,,1,Rp52000,mpowney2s@over-blog.com,50,084894394013,P000025
V000071,4/3/2017,06/03/2017 10:34,2,Rp52000,aslides4s@fotki.com,50,085398775284,P000039
V000072,5/1/2016,,1,Rp27000,bbisseker4m@g.co,25,087594884290,P0000108
V000073,9/3/2017,,1,Rp52000,jradage2l@blogtalkradio.com,50,083776072823,P000039
V000074,18/7/2016,22/07/2016 05:22,2,Rp152000,rbuckland36@last.fm,150,083267252458,P000027
V000075,1/5/2016,,1,Rp102000,pworsfold3n@chron.com,100,082400644516,P0000124
V000076,10/1/2016,12/01/2016 01:44,2,Rp102000,lcrichley19@noaa.gov,100,084464299383,P0000138
V000077,2/9/2016,04/09/2016 13:32,2,Rp102000,ccheale1p@bbc.co.uk,100,086362735784,P000068
V000078,2/1/2016,04/01/2016 02:45,2,Rp27000,csiegertsz2j@columbia.edu,25,082387894828,P000038
V000079,16/12/2016,,1,Rp152000,gberthouloume4w@delicious.com,150,088995977500,P000069
V000080,26/2/2016,,1,Rp7000,lcrichley19@noaa.gov,5,084464299383,P000064
V000081,23/11/2016,,1,Rp52000,mquittonden51@acquirethisname.com,50,086972171639,P0000130
V000082,30/4/2016,,1,Rp52000,boxtoby2f@zdnet.com,50,087762180611,P0000137
V000083,13/1/2016,17/01/2016 16:45,2,Rp27000,fdarrington6i@unblog.fr,25,080190617622,P0000199
V000084,8/2/2016,11/02/2016 01:07,2,Rp12000,cleet1r@infoseek.co.jp,10,088278772478,P0000121
V000085,18/1/2016,,1,Rp12000,vkippie2n@google.ru,10,085350853366,P0000107
V000086,7/9/2016,09/09/2016 14:48,2,Rp7000,pmccague6r@a8.net,5,088066108729,P0000162
V000087,3/11/2016,,1,Rp7000,mpowney2s@over-blog.com,5,084894394013,P000050
V000088,19/9/2016,21/09/2016 01:54,2,Rp12000,csiegertsz2j@columbia.edu,10,082387894828,P0000114
V000089,28/3/2017,,1,Rp102000,cshrimptone5f@gov.uk,100,088274693340,P00005
V000090,18/8/2016,,1,Rp52000,egiles42@sitemeter.com,50,086087726649,P0000186
V000091,10/1/2017,,1,Rp27000,sbellward3z@google.com,25,087323309025,P0000199
V000092,30/1/2016,01/02/2016 22:28,2,Rp7000,nwemm2e@meetup.com,5,083747569638,P000050
V000093,26/4/2017,29/04/2017 10:30,2,Rp152000,lehrat55@spiegel.de,150,083601865364,P0000104
V000094,9/9/2016,11/09/2016 00:35,2,Rp52000,erihanek66@surveymonkey.com,50,081089491133,P000039
V000095,14/9/2016,18/09/2016 06:03,2,Rp202000,apacher3h@etsy.com,200,082319153350,P000063
V000096,6/5/2016,08/05/2016 21:37,2,Rp27000,mmcgarvey6d@yellowbook.com,25,085543170838,P000066
V000097,1/4/2016,03/04/2016 11:50,2,Rp7000,kmiddlemiss6e@umn.edu,5,084351860045,P0000148
V000098,21/11/2016,23/11/2016 02:44,2,Rp202000,boxtoby2f@zdnet.com,200,087762180611,P0000196
V000099,2/8/2016,04/08/2016 20:13,2,Rp102000,amilstead5i@umich.edu,100,084605543375,P000019
V0000100,27/5/2016,29/05/2016 19:54,2,Rp7000,hduffieldy@bloglovin.com,5,087798981982,P0000141
V0000101,4/5/2016,06/05/2016 19:41,2,Rp7000,aslides4s@fotki.com,5,085398775284,P000064
V0000102,18/1/2016,21/01/2016 20:27,2,Rp52000,gcopes1@earthlink.net,50,087891654439,P0000193
V0000103,28/3/2017,,1,Rp102000,aodevey2z@prlog.org,100,088146432693,P0000124
V0000104,11/12/2016,,1,Rp152000,erihanek66@surveymonkey.com,150,081089491133,P0000181
V0000105,18/3/2017,22/03/2017 22:22,2,Rp152000,rpitwayj@elegantthemes.com,150,089953982487,P0000188
V0000106,13/7/2016,,1,Rp102000,owoolliams1w@unc.edu,100,080245678981,P000047
V0000107,2/8/2016,04/08/2016 09:23,2,Rp27000,hborn8@sakura.ne.jp,25,088495578938,P000038
V0000108,31/8/2016,04/09/2016 21:57,2,Rp102000,mpietasch5y@nsw.gov.au,100,082903944658,P0000138
V0000109,28/11/2016,30/11/2016 23:23,2,Rp27000,jguice6f@cyberchimps.com,25,088825342280,P000052
V0000110,29/3/2016,,1,Rp52000,hduffieldy@bloglovin.com,50,087798981982,P0000116
V0000111,23/10/2016,,1,Rp152000,ghurleston45@netlog.com,150,082154487163,P000048
V0000112,16/11/2016,19/11/2016 08:38,2,Rp7000,mepinoyu@51.la,5,082993669800,P000043
V0000113,26/11/2016,29/11/2016 18:37,2,Rp12000,mradsdale1u@imdb.com,10,083925735059,P0000170
V0000114,3/3/2016,06/03/2016 23:24,2,Rp152000,hcastanaga1j@fda.gov,150,087520960388,P000048
V0000115,21/4/2016,25/04/2016 03:13,2,Rp152000,tblackway61@51.la,150,089041936071,P000090
V0000116,28/7/2016,01/08/2016 21:12,2,Rp52000,nwemm2e@meetup.com,50,083747569638,P000095
V0000117,14/2/2016,17/02/2016 11:26,2,Rp202000,bbryant56@bbc.co.uk,200,088886565255,P000021
V0000118,26/2/2016,29/02/2016 06:20,2,Rp12000,jwillard5r@51.la,10,082050374984,P0000191
V0000119,6/10/2016,,1,Rp102000,owoolliams1w@unc.edu,100,080245678981,P0000194
V0000120,6/3/2016,09/03/2016 01:43,2,Rp52000,lcolicot4d@behance.net,50,088995677800,P0000165
V0000121,31/1/2017,02/02/2017 02:26,2,Rp7000,mradsdale1u@imdb.com,5,083925735059,P0000190
V0000122,26/3/2016,,1,Rp12000,nverlinde5l@globo.com,10,081444357145,P0000114
V0000123,16/3/2017,20/03/2017 03:18,2,Rp52000,sdufer57@yellowbook.com,50,082160710840,P000081
V0000124,23/9/2016,25/09/2016 19:23,2,Rp52000,castlesa@paginegialle.it,50,086601207900,P0000116
V0000125,1/2/2017,05/02/2017 22:24,2,Rp152000,vcarlton4x@jimdo.com,150,088221014231,P0000153
V0000126,26/5/2016,29/05/2016 21:30,2,Rp7000,vcarlton4x@jimdo.com,5,088221014231,P0000155
V0000127,11/6/2016,,1,Rp202000,snavein2h@yolasite.com,200,083304827407,P000028
V0000128,15/2/2016,,1,Rp12000,gberthouloume4w@delicious.com,10,088995977500,P000023
V0000129,21/9/2016,25/09/2016 20:30,2,Rp7000,mtooley1s@storify.com,5,083854483381,P000085
V0000130,8/1/2016,,1,Rp7000,kkilmister3q@indiatimes.com,5,085918952542,P000015
V0000131,19/1/2017,23/01/2017 14:56,2,Rp202000,istoate5w@wix.com,200,086011139268,P000049
V0000132,13/5/2016,,1,Rp27000,nwemm2e@meetup.com,25,083747569638,P0000164
V0000133,14/1/2017,18/01/2017 11:30,2,Rp12000,cvigars47@irs.gov,10,088291429923,P000016
V0000134,15/3/2017,,1,Rp102000,amardling6@typepad.com,100,086572794970,P000054
V0000135,29/7/2016,01/08/2016 07:31,2,Rp152000,mquittonden51@acquirethisname.com,150,086972171639,P0000153
V0000136,14/10/2016,,1,Rp12000,blemasney2w@yelp.com,10,080480085783,P0000177
V0000137,2/5/2016,04/05/2016 22:38,2,Rp12000,gbonifazio3f@adobe.com,10,088742477621,P000093
V0000138,28/7/2016,01/08/2016 09:37,2,Rp202000,bbisseker4m@g.co,200,087594884290,P000070
V0000139,30/5/2016,03/06/2016 23:02,2,Rp27000,mmcfadden5x@live.com,25,087507423479,P0000136
V0000140,30/1/2016,01/02/2016 09:18,2,Rp12000,csaladine6a@businesswire.com,10,087630360279,P000093
V0000141,7/11/2016,10/11/2016 19:18,2,Rp7000,vburchill4t@sohu.com,5,087546697030,P000092
V0000142,17/8/2016,21/08/2016 10:43,2,Rp27000,kantoniat5b@hc360.com,25,080488355075,P0000171
V0000143,21/1/2017,,1,Rp7000,mmobley2o@mac.com,5,087872548490,P0000162
V0000144,6/1/2016,09/01/2016 21:31,2,Rp102000,msteggals6q@ox.ac.uk,100,080200637897,P000075
V0000145,28/3/2016,31/03/2016 09:52,2,Rp102000,klind1n@diigo.com,100,081938323903,P0000138
V0000146,31/10/2016,,1,Rp202000,bmacmanus3e@arstechnica.com,200,082391770624,P000035
V0000147,14/5/2016,,1,Rp152000,medgell65@arizona.edu,150,085523555260,P000069
V0000148,21/11/2016,24/11/2016 02:08,2,Rp27000,zheaton29@va.gov,25,084560686482,P0000115
V0000149,26/1/2017,29/01/2017 10:52,2,Rp152000,hbeloe1z@freewebs.com,150,084537215061,P0000153
V0000150,29/5/2016,01/06/2016 11:19,2,Rp27000,pshillington1m@usda.gov,25,086810560738,P000045
V0000151,24/9/2016,26/09/2016 23:37,2,Rp12000,servine6k@macromedia.com,10,086400482295,P0000156
V0000152,18/3/2016,,1,Rp102000,fsothern6c@dailymail.co.uk,100,082889919431,P0000124
V0000153,13/1/2016,15/01/2016 12:30,2,Rp102000,ntye6t@dyndns.org,100,088567457252,P000068
V0000154,13/5/2016,,1,Rp152000,astandell6g@washington.edu,150,088204822346,P000041
V0000155,13/10/2016,15/10/2016 03:33,2,Rp102000,pmccague6r@a8.net,100,088066108729,P000026
V0000156,4/2/2017,,1,Rp52000,lkobpac5u@nih.gov,50,082736262829,P000060
V0000157,10/9/2016,14/09/2016 00:24,2,Rp102000,mcollyns46@1und1.de,100,085078664484,P000012
V0000158,22/1/2016,,1,Rp52000,istreeton2u@yellowbook.com,50,080656377820,P0000158
V0000159,16/11/2016,,1,Rp152000,drojel5k@merriam-webster.com,150,083819654832,P0000118
V0000160,3/11/2016,05/11/2016 15:21,2,Rp152000,hbeloe1z@freewebs.com,150,084537215061,P0000139
V0000161,13/3/2016,17/03/2016 18:48,2,Rp7000,scantu60@icio.us,5,089688331346,P0000176
V0000162,15/2/2016,17/02/2016 18:29,2,Rp202000,adwelly3u@pen.io,200,089480370270,P0000126
V0000163,2/2/2017,,1,Rp27000,dedgell3w@ebay.co.uk,25,087645187516,P000087
V0000164,3/2/2017,06/02/2017 23:09,2,Rp202000,twormleightonk@dagondesign.com,200,089803625389,P000056
V0000165,6/2/2017,,1,Rp102000,tjohnsson35@gizmodo.com,100,082503556797,P0000173
V0000166,9/9/2016,11/09/2016 21:09,2,Rp52000,aslides4s@fotki.com,50,085398775284,P0000193
V0000167,27/3/2017,,1,Rp202000,jjeffcoat5e@npr.org,200,087068389940,P000063
V0000168,23/2/2017,25/02/2017 16:10,2,Rp102000,jguice6f@cyberchimps.com,100,088825342280,P000012
V0000169,23/12/2016,,1,Rp27000,gberthouloume4w@delicious.com,25,088995977500,P000017
V0000170,1/3/2017,05/03/2017 07:15,2,Rp152000,dcaulfield2q@dmoz.org,150,081060631865,P000020
V0000171,14/8/2016,16/08/2016 05:05,2,Rp152000,ggamesonx@webs.com,150,089864490452,P0000111
V0000172,6/2/2016,,1,Rp152000,atrowler5j@apple.com,150,084814125457,P0000181
V0000173,22/2/2017,26/02/2017 06:00,2,Rp12000,hcastanaga1j@fda.gov,10,087520960388,P0000170
V0000174,31/1/2016,03/02/2016 05:53,2,Rp202000,zbaybutt6w@cafepress.com,200,088056138111,P000042
V0000175,1/11/2016,04/11/2016 03:34,2,Rp12000,fdarrington6i@unblog.fr,10,080190617622,P0000100
V0000176,26/8/2016,,1,Rp7000,bfalshaw2@about.me,5,089250859186,P000085
V0000177,6/2/2016,08/02/2016 13:05,2,Rp52000,cvigars47@irs.gov,50,088291429923,P0000137
V0000178,27/4/2016,01/05/2016 07:34,2,Rp7000,kdibdale5q@bandcamp.com,5,083881473500,P000078
V0000179,27/4/2016,29/04/2016 13:03,2,Rp102000,rexley26@barnesandnoble.com,100,085504321184,P000012
V0000180,13/3/2016,16/03/2016 17:37,2,Rp102000,rhallick2d@shutterfly.com,100,084520550800,P0000103
V0000181,29/11/2016,02/12/2016 15:32,2,Rp12000,kjuorio31@t.co,10,087715602216,P000086
V0000182,2/12/2016,05/12/2016 08:18,2,Rp27000,gtofanon@ustream.tv,25,081614595122,P0000143
V0000183,6/4/2016,10/04/2016 21:30,2,Rp27000,minksteri@aol.com,25,089822940015,P0000178
V0000184,19/9/2016,,1,Rp52000,mmasserel1g@epa.gov,50,088184601779,P0000200
V0000185,27/12/2016,30/12/2016 20:51,2,Rp102000,astandell6g@washington.edu,100,088204822346,P000089
V0000186,20/11/2016,22/11/2016 09:16,2,Rp102000,pshillington1m@usda.gov,100,086810560738,P0000124
V0000187,11/8/2016,14/08/2016 15:34,2,Rp7000,rmooney4j@theatlantic.com,5,084285996068,P000092
V0000188,14/3/2017,,1,Rp102000,cbakhrushint@reddit.com,100,086370364042,P0000180
V0000189,10/12/2016,13/12/2016 00:39,2,Rp27000,kde3g@ebay.co.uk,25,086375130638,P0000150
V0000190,23/3/2016,26/03/2016 17:54,2,Rp202000,cbakhrushint@reddit.com,200,086370364042,P000070
V0000191,27/5/2016,30/05/2016 06:19,2,Rp202000,nverlinde5l@globo.com,200,081444357145,P000084
V0000192,7/1/2017,10/01/2017 23:29,2,Rp7000,cbrumen4a@skype.com,5,087202747523,P0000183
V0000193,22/3/2016,,1,Rp102000,bbryant56@bbc.co.uk,100,088886565255,P000012
V0000194,22/3/2016,25/03/2016 20:14,2,Rp12000,cmcwhin4g@gizmodo.com,10,082640302573,P0000184
V0000195,24/7/2016,27/07/2016 04:24,2,Rp152000,gtofanon@ustream.tv,150,081614595122,P000076
V0000196,7/11/2016,09/11/2016 06:09,2,Rp102000,dcaulfield2q@dmoz.org,100,081060631865,P0000103
V0000197,3/3/2016,05/03/2016 11:09,2,Rp7000,umordacai5g@last.fm,5,082364007007,P00001
V0000198,25/5/2016,28/05/2016 10:27,2,Rp202000,amardling6@typepad.com,200,086572794970,P0000119
V0000199,6/4/2016,08/04/2016 04:41,2,Rp202000,kchastelain6l@ucsd.edu,200,081144636223,P000098
V0000200,4/4/2017,,1,Rp12000,cshrimptone5f@gov.uk,10,088274693340,P0000135
V0000201,16/9/2016,18/09/2016 01:54,2,Rp7000,nrodda11@hibu.com,5,081252302661,P0000120
V0000202,19/7/2016,,1,Rp12000,atrowler5j@apple.com,10,084814125457,P000086
V0000203,10/2/2017,13/02/2017 02:23,2,Rp202000,cbrumen4a@skype.com,200,087202747523,P0000175
V0000204,21/11/2016,25/11/2016 03:07,2,Rp152000,gmorgans14@nba.com,150,089947720529,P000027
V0000205,3/10/2016,,1,Rp202000,lradnage30@canalblog.com,200,082305706756,P0000126
V0000206,31/10/2016,,1,Rp202000,rreeson1y@cnet.com,200,080474700107,P00007
V0000207,12/1/2017,,1,Rp202000,dbeagin5d@barnesandnoble.com,200,082407112188,P0000140
V0000208,10/6/2016,,1,Rp12000,csiegertsz2j@columbia.edu,10,082387894828,P00009
V0000209,27/1/2017,30/01/2017 05:29,2,Rp12000,hlodford3j@slate.com,10,087679307098,P0000170
V0000210,4/5/2016,,1,Rp202000,gberthouloume4w@delicious.com,200,088995977500,P0000175
V0000211,18/2/2017,20/02/2017 14:16,2,Rp7000,rbuxey5o@scientificamerican.com,5,089036678774,P0000183
V0000212,17/1/2017,21/01/2017 01:20,2,Rp12000,owoollam4e@amazonaws.com,10,083036699761,P00002
V0000213,3/2/2016,05/02/2016 11:49,2,Rp12000,ntye6t@dyndns.org,10,088567457252,P0000163
V0000214,4/8/2016,06/08/2016 12:56,2,Rp202000,atrowler5j@apple.com,200,084814125457,P000070
V0000215,6/3/2017,,1,Rp102000,csiegertsz2j@columbia.edu,100,082387894828,P000082
V0000216,24/11/2016,,1,Rp12000,rdidball53@webs.com,10,080705469249,P0000163
V0000217,21/5/2016,,1,Rp152000,stither4h@google.ru,150,087640579752,P0000139
V0000218,14/6/2016,18/06/2016 00:41,2,Rp52000,mkeays6h@posterous.com,50,083800668752,P000067
V0000219,25/7/2016,29/07/2016 15:06,2,Rp12000,mmcgarvey6d@yellowbook.com,10,085543170838,P0000191
V0000220,19/2/2017,23/02/2017 07:38,2,Rp27000,rdametti2x@narod.ru,25,083663483463,P000017
V0000221,18/11/2016,,1,Rp7000,kjuorio31@t.co,5,087715602216,P0000120
V0000222,9/4/2016,11/04/2016 23:18,2,Rp152000,hstapleton38@geocities.com,150,087348158563,P000083
V0000223,14/7/2016,17/07/2016 01:48,2,Rp7000,kantoniat5b@hc360.com,5,080488355075,P0000113
V0000224,11/10/2016,15/10/2016 10:24,2,Rp27000,mquittonden51@acquirethisname.com,25,086972171639,P000017
V0000225,21/12/2016,25/12/2016 08:14,2,Rp52000,nrodda11@hibu.com,50,081252302661,P000025
V0000226,16/11/2016,20/11/2016 09:25,2,Rp7000,aodevey2z@prlog.org,5,088146432693,P0000106
V0000227,26/12/2016,,1,Rp202000,hstapleton38@geocities.com,200,087348158563,P000056
V0000228,4/9/2016,07/09/2016 17:28,2,Rp202000,rdidball53@webs.com,200,080705469249,P0000154
V0000229,6/10/2016,09/10/2016 16:02,2,Rp12000,jwillard5r@51.la,10,082050374984,P000051
V0000230,24/1/2016,,1,Rp52000,fdarrington6i@unblog.fr,50,080190617622,P0000137
V0000231,28/11/2016,30/11/2016 00:58,2,Rp12000,fburkman2b@twitpic.com,10,088060310279,P000079
V0000232,16/4/2017,,1,Rp12000,cnewling64@hc360.com,10,089159608191,P0000156
V0000233,10/9/2016,,1,Rp7000,castlesa@paginegialle.it,5,086601207900,P000050
V0000234,28/1/2016,30/01/2016 19:38,2,Rp152000,minksteri@aol.com,150,089822940015,P000041
V0000235,9/5/2016,,1,Rp52000,sokeenan23@csmonitor.com,50,083907368770,P00004
V0000236,29/9/2016,01/10/2016 14:37,2,Rp52000,kmiddlemiss6e@umn.edu,50,084351860045,P0000123
V0000237,5/3/2016,,1,Rp152000,servine6k@macromedia.com,150,086400482295,P000083
V0000238,6/5/2016,10/05/2016 17:26,2,Rp12000,ptesh5a@salon.com,10,088863667126,P0000177
V0000239,30/10/2016,01/11/2016 21:28,2,Rp27000,tadame4c@alexa.com,25,083954809255,P0000185
V0000240,30/3/2017,,1,Rp102000,mcollyns46@1und1.de,100,085078664484,P0000180
V0000241,8/8/2016,,1,Rp152000,mhallagan3m@psu.edu,150,081741232359,P0000195
V0000242,9/6/2016,12/06/2016 07:48,2,Rp202000,carchambault67@cam.ac.uk,200,086168846864,P000021
V0000243,16/2/2016,,1,Rp12000,pbroadbear2a@indiatimes.com,10,080983160868,P000016
V0000244,20/3/2017,23/03/2017 19:11,2,Rp27000,kdibdale5q@bandcamp.com,25,083881473500,P0000171
V0000245,4/3/2016,06/03/2016 07:15,2,Rp52000,bmacmanus3e@arstechnica.com,50,082391770624,P000018
V0000246,9/9/2016,13/09/2016 01:11,2,Rp52000,tblackway61@51.la,50,089041936071,P000025
V0000247,12/12/2016,15/12/2016 14:28,2,Rp7000,gbonifazio3f@adobe.com,5,088742477621,P0000148
V0000248,8/3/2017,10/03/2017 03:25,2,Rp7000,tblackway61@51.la,5,089041936071,P0000113
V0000249,13/5/2016,16/05/2016 05:49,2,Rp27000,kkilmister3q@indiatimes.com,25,085918952542,P0000122
V0000250,6/4/2016,,1,Rp152000,lradnage30@canalblog.com,150,082305706756,P000083
V0000251,9/1/2016,11/01/2016 11:49,2,Rp102000,jsedgeman20@sourceforge.net,100,089119013144,P0000124
V0000252,27/4/2016,,1,Rp102000,kantoniat5b@hc360.com,100,080488355075,P000019
V0000253,15/8/2016,17/08/2016 07:46,2,Rp7000,aslides4s@fotki.com,5,085398775284,P0000106
V0000254,9/11/2016,13/11/2016 00:55,2,Rp102000,kviles24@1688.com,100,084860494017,P00005
V0000255,1/4/2017,03/04/2017 02:41,2,Rp102000,lbarbrookm@google.co.uk,100,089877161121,P0000117
V0000256,20/2/2017,,1,Rp27000,wnotman6v@istockphoto.com,25,089798087339,P0000129
V0000257,12/4/2017,16/04/2017 08:28,2,Rp7000,agrimestone5s@jimdo.com,5,084943331218,P000043
V0000258,13/4/2016,16/04/2016 02:23,2,Rp12000,gzapata4o@slideshare.net,10,083613907873,P000065
V0000259,26/3/2017,,1,Rp27000,sdufer57@yellowbook.com,25,082160710840,P0000178
V0000260,4/7/2016,08/07/2016 00:45,2,Rp52000,hjonathon1t@google.ca,50,080590818388,P000074
V0000261,16/2/2016,19/02/2016 12:28,2,Rp52000,rmouland4l@psu.edu,50,084128317328,P0000193
V0000262,24/1/2016,,1,Rp102000,amardling6@typepad.com,100,086572794970,P00005
V0000263,4/10/2016,07/10/2016 19:59,2,Rp12000,fkynston4i@fda.gov,10,083108559522,P000065
V0000264,14/3/2017,,1,Rp52000,rharcarse54@buzzfeed.com,50,085363513496,P000032
V0000265,10/3/2016,14/03/2016 23:58,2,Rp52000,abinnes6o@pcworld.com,50,084313290763,P000032
V0000266,17/8/2016,,1,Rp27000,wnotman6v@istockphoto.com,25,089798087339,P000087
V0000267,11/1/2016,,1,Rp102000,ldoore32@loc.gov,100,084838437697,P000012
V0000268,17/3/2017,20/03/2017 23:09,2,Rp12000,gkristoffersen63@businesswire.com,10,089465850478,P000072
V0000269,29/1/2017,01/02/2017 23:06,2,Rp152000,mrobert1i@pcworld.com,150,085869266262,P0000146
V0000270,26/6/2016,30/06/2016 10:07,2,Rp202000,vgissing12@google.fr,200,081227712578,P0000161
V0000271,31/5/2016,04/06/2016 10:33,2,Rp7000,blemasney2w@yelp.com,5,080480085783,P000099
V0000272,14/3/2016,,1,Rp27000,aodevey2z@prlog.org,25,088146432693,P0000150
V0000273,13/12/2016,,1,Rp102000,scantu60@icio.us,100,089688331346,P0000180
V0000274,22/6/2016,,1,Rp7000,csaladine6a@businesswire.com,5,087630360279,P00001
V0000275,14/1/2016,18/01/2016 01:24,2,Rp202000,pgrollmann1k@posterous.com,200,081306220495,P000077
V0000276,28/4/2016,,1,Rp7000,vmessruther40@fc2.com,5,083764441781,P000029
V0000277,7/3/2017,,1,Rp202000,svezey6j@va.gov,200,081232581509,P000056
V0000278,8/10/2016,12/10/2016 11:24,2,Rp152000,hstapleton38@geocities.com,150,087348158563,P000076
V0000279,26/2/2017,,1,Rp102000,fportinari2r@cdc.gov,100,082745997636,P0000110
V0000280,15/3/2017,19/03/2017 05:33,2,Rp7000,wzanini2t@yahoo.co.jp,5,083613145333,P0000155
V0000281,30/4/2016,04/05/2016 04:42,2,Rp202000,fdarrington6i@unblog.fr,200,080190617622,P0000154
V0000282,27/8/2016,,1,Rp12000,leason6p@wufoo.com,10,086042741789,P0000191
V0000283,8/2/2016,,1,Rp12000,rbuxey5o@scientificamerican.com,10,089036678774,P000072
V0000284,3/8/2016,07/08/2016 07:10,2,Rp52000,cdrysdale4z@dell.com,50,083852348392,P0000200
V0000285,9/9/2016,12/09/2016 18:06,2,Rp102000,sricardin6s@furl.net,100,085794978063,P0000117
V0000286,17/10/2016,21/10/2016 05:12,2,Rp52000,gmorgans14@nba.com,50,089947720529,P000032
V0000287,29/8/2016,31/08/2016 01:52,2,Rp27000,scantu60@icio.us,25,089688331346,P0000115
V0000288,21/2/2016,25/02/2016 18:52,2,Rp202000,sbwy1x@xing.com,200,083794238715,P0000154
V0000289,8/4/2016,,1,Rp7000,dhurne4@nydailynews.com,5,081852887905,P0000120
V0000290,21/12/2016,25/12/2016 01:37,2,Rp202000,glarmett22@reuters.com,200,080647660331,P0000140
V0000291,2/10/2016,,1,Rp7000,rbuxey5o@scientificamerican.com,5,089036678774,P000057
V0000292,1/8/2016,,1,Rp27000,kantoniat5b@hc360.com,25,080488355075,P0000108
V0000293,23/9/2016,26/09/2016 05:11,2,Rp102000,tblackway61@51.la,100,089041936071,P000033
V0000294,3/6/2016,06/06/2016 04:03,2,Rp27000,dhurne4@nydailynews.com,25,081852887905,P0000185
V0000295,11/9/2016,15/09/2016 10:57,2,Rp27000,nleither16@google.it,25,081287534952,P0000122
V0000296,20/4/2016,,1,Rp152000,cleet1r@infoseek.co.jp,150,088278772478,P000055
V0000297,22/9/2016,25/09/2016 02:39,2,Rp102000,jhaggerstone6n@cisco.com,100,086702997346,P000082
V0000298,26/6/2016,,1,Rp202000,medgell65@arizona.edu,200,085523555260,P000021
V0000299,10/6/2016,,1,Rp152000,ghurleston45@netlog.com,150,082154487163,P0000167
V0000300,22/4/2017,24/04/2017 15:23,2,Rp102000,vcarlton4x@jimdo.com,100,088221014231,P000082
V0000301,5/9/2016,09/09/2016 14:07,2,Rp12000,istoate5w@wix.com,10,086011139268,P00002
V0000302,25/9/2016,28/09/2016 00:18,2,Rp152000,sgrigollig@weather.com,150,082047655814,P0000174
V0000303,4/4/2017,06/04/2017 09:05,2,Rp202000,eduddle34@redcross.org,200,086901219773,P0000161
V0000304,19/1/2016,22/01/2016 21:14,2,Rp27000,kchastelain6l@ucsd.edu,25,081144636223,P0000136
V0000305,25/9/2016,,1,Rp7000,cbeaman7@instagram.com,5,083888037237,P000092
V0000306,15/2/2016,19/02/2016 15:48,2,Rp52000,lmaunders4y@google.ca,50,089181257664,P000060
V0000307,23/2/2017,26/02/2017 06:54,2,Rp12000,kviles24@1688.com,10,084860494017,P000016
V0000308,2/11/2016,06/11/2016 16:25,2,Rp202000,pgrollmann1k@posterous.com,200,081306220495,P000063
V0000309,6/6/2016,09/06/2016 07:21,2,Rp152000,mkleen21@tumblr.com,150,085032027714,P000090
V0000310,10/9/2016,,1,Rp7000,odredge3a@sogou.com,5,080559847594,P000050
V0000311,14/2/2017,,1,Rp152000,cabby4b@cyberchimps.com,150,088272662800,P0000146
V0000312,5/8/2016,,1,Rp27000,rbuxey5o@scientificamerican.com,25,089036678774,P000045
V0000313,28/7/2016,,1,Rp12000,egiles42@sitemeter.com,10,086087726649,P0000128
V0000314,3/11/2016,,1,Rp202000,erihanek66@surveymonkey.com,200,081089491133,P000056
V0000315,8/7/2016,11/07/2016 03:07,2,Rp202000,amcsparran6b@springer.com,200,089401587927,P0000105
V0000316,18/1/2017,,1,Rp152000,apetrasek3x@cocolog-nifty.com,150,083751068436,P00006
V0000317,16/4/2017,,1,Rp7000,md3c@about.com,5,080139828915,P000036
V0000318,18/2/2017,,1,Rp152000,cleet1r@infoseek.co.jp,150,088278772478,P0000139
V0000319,16/1/2016,20/01/2016 14:12,2,Rp102000,nrodda11@hibu.com,100,081252302661,P000047
V0000320,4/1/2016,,1,Rp7000,vmolyneaux10@google.com.au,5,088523069382,P000092
V0000321,28/2/2016,,1,Rp152000,gtofanon@ustream.tv,150,081614595122,P000027
V0000322,26/2/2016,01/03/2016 16:35,2,Rp152000,pgrollmann1k@posterous.com,150,081306220495,P0000111
V0000323,17/1/2017,19/01/2017 08:41,2,Rp7000,jalenshev3l@sciencedaily.com,5,084367350311,P0000190
V0000324,8/6/2016,12/06/2016 18:38,2,Rp12000,vmolyneaux10@google.com.au,10,088523069382,P000037
V0000325,29/7/2016,01/08/2016 01:01,2,Rp12000,kde3g@ebay.co.uk,10,086375130638,P000072
V0000326,23/3/2017,27/03/2017 15:01,2,Rp12000,ldoram48@xrea.com,10,088849409298,P000023
V0000327,12/2/2017,15/02/2017 02:18,2,Rp12000,mgarric5@amazon.de,10,085833193950,P0000191
V0000328,12/8/2016,15/08/2016 18:35,2,Rp202000,md3c@about.com,200,080139828915,P000028
V0000329,27/11/2016,29/11/2016 01:30,2,Rp52000,cbrumen4a@skype.com,50,087202747523,P0000193
V0000330,22/7/2016,24/07/2016 04:47,2,Rp7000,cdrysdale4z@dell.com,5,083852348392,P0000127
V0000331,29/1/2016,02/02/2016 10:01,2,Rp202000,cbakhrushint@reddit.com,200,086370364042,P000063
V0000332,7/8/2016,11/08/2016 13:56,2,Rp12000,istreeton2u@yellowbook.com,10,080656377820,P0000191
V0000333,10/5/2016,,1,Rp52000,jhaggerstone6n@cisco.com,50,086702997346,P0000193
V0000334,10/12/2016,12/12/2016 23:19,2,Rp202000,sklimentov4k@creativecommons.org,200,080810117810,P0000147
V0000335,14/11/2016,16/11/2016 13:14,2,Rp102000,blemasney2w@yelp.com,100,080480085783,P0000138
V0000336,3/2/2016,07/02/2016 16:12,2,Rp52000,sphidgin3y@newyorker.com,50,088865981234,P0000130
V0000337,9/1/2017,11/01/2017 01:14,2,Rp102000,gzapata4o@slideshare.net,100,083613907873,P0000180
V0000338,24/6/2016,28/06/2016 14:34,2,Rp12000,amcsparran6b@springer.com,10,089401587927,P000037
V0000339,1/1/2016,,1,Rp12000,tblackway61@51.la,10,089041936071,P0000128
V0000340,7/10/2016,,1,Rp27000,msapwellf@wikimedia.org,25,085734329715,P0000122
V0000341,8/10/2016,10/10/2016 20:42,2,Rp152000,cbeaman7@instagram.com,150,083888037237,P0000111
V0000342,23/11/2016,25/11/2016 03:16,2,Rp202000,reckh2k@123-reg.co.uk,200,087183048439,P000070
V0000343,16/3/2017,19/03/2017 03:39,2,Rp152000,mdraysay5z@weibo.com,150,087966446221,P000041
V0000344,16/1/2016,19/01/2016 18:33,2,Rp7000,ehegley25@seattletimes.com,5,082575144612,P00008
V0000345,25/1/2017,28/01/2017 02:58,2,Rp27000,pshillington1m@usda.gov,25,086810560738,P0000129
V0000346,15/12/2016,,1,Rp102000,sdufer57@yellowbook.com,100,082160710840,P000075
V0000347,27/4/2016,30/04/2016 23:04,2,Rp7000,ptesh5a@salon.com,5,088863667126,P000071
V0000348,1/3/2017,,1,Rp102000,ffarncombe5h@theguardian.com,100,088300445379,P000082
V0000349,30/7/2016,01/08/2016 19:16,2,Rp152000,egiles42@sitemeter.com,150,086087726649,P000013
V0000350,12/9/2016,14/09/2016 07:19,2,Rp7000,kviles24@1688.com,5,084860494017,P0000155
V0000351,18/3/2016,,1,Rp7000,kde3g@ebay.co.uk,5,086375130638,P000099
V0000352,6/1/2016,08/01/2016 20:56,2,Rp102000,atrowler5j@apple.com,100,084814125457,P000061
V0000353,30/12/2016,01/01/2017 14:50,2,Rp12000,cbeaman7@instagram.com,10,083888037237,P0000163
V0000354,26/4/2016,,1,Rp152000,fexrollz@squarespace.com,150,089204058945,P000097
V0000355,28/1/2016,31/01/2016 14:39,2,Rp27000,rdametti2x@narod.ru,25,083663483463,P0000157
V0000356,25/11/2016,27/11/2016 13:06,2,Rp27000,fboheao@baidu.com,25,083024276671,P000052
V0000357,27/10/2016,31/10/2016 20:13,2,Rp152000,bfalshaw2@about.me,150,089250859186,P0000160
V0000358,4/3/2017,08/03/2017 18:22,2,Rp202000,eduddle34@redcross.org,200,086901219773,P0000196
V0000359,7/3/2016,09/03/2016 08:37,2,Rp12000,hborn8@sakura.ne.jp,10,088495578938,P0000128
V0000360,5/2/2016,09/02/2016 23:07,2,Rp27000,bwollers2v@usnews.com,25,082504673276,P000045
V0000361,19/11/2016,21/11/2016 18:23,2,Rp102000,hlinklet1a@answers.com,100,083809332578,P00005
V0000362,6/11/2016,,1,Rp202000,jguice6f@cyberchimps.com,200,088825342280,P0000126
V0000363,8/3/2017,,1,Rp102000,jdinesen2y@vimeo.com,100,083915236091,P000019
V0000364,9/2/2017,13/02/2017 10:04,2,Rp52000,awinchurst5v@cloudflare.com,50,080762142879,P000081
V0000365,2/8/2016,,1,Rp27000,tskittreal5p@360.cn,25,082140943787,P0000157
V0000366,22/3/2016,26/03/2016 07:14,2,Rp27000,jhaggerstone6n@cisco.com,25,086702997346,P0000101
V0000367,12/12/2016,,1,Rp12000,jdinesen2y@vimeo.com,10,083915236091,P000016
V0000368,10/6/2016,13/06/2016 19:33,2,Rp152000,mquittonden51@acquirethisname.com,150,086972171639,P0000146
V0000369,31/8/2016,,1,Rp12000,kbreukelman39@dot.gov,10,088560595824,P000030
V0000370,10/3/2017,12/03/2017 23:35,2,Rp27000,ldoram48@xrea.com,25,088849409298,P0000157
V0000371,7/11/2016,10/11/2016 10:46,2,Rp152000,odredge3a@sogou.com,150,080559847594,P000048
V0000372,3/7/2016,07/07/2016 09:08,2,Rp152000,pmccague6r@a8.net,150,088066108729,P00006
V0000373,19/12/2016,21/12/2016 17:08,2,Rp52000,bcradick3t@squidoo.com,50,080814514094,P000081
V0000374,18/5/2016,20/05/2016 21:41,2,Rp12000,vmolyneaux10@google.com.au,10,088523069382,P0000191
V0000375,25/1/2017,,1,Rp202000,sokeenan23@csmonitor.com,200,083907368770,P0000196
V0000376,14/8/2016,,1,Rp102000,mquittonden51@acquirethisname.com,100,086972171639,P0000187
V0000377,29/3/2017,02/04/2017 05:02,2,Rp7000,vhabbeshawh@ifeng.com,5,085010568675,P0000134
V0000378,17/2/2017,19/02/2017 03:19,2,Rp27000,gtaggett5t@over-blog.com,25,088620140001,P00003
V0000379,28/3/2017,,1,Rp7000,gtofanon@ustream.tv,5,081614595122,P0000120
V0000380,2/1/2017,,1,Rp27000,olindeboom6x@adobe.com,25,087901515196,P0000122
V0000381,1/3/2016,05/03/2016 12:04,2,Rp202000,jguice6f@cyberchimps.com,200,088825342280,P000049
V0000382,7/2/2017,,1,Rp52000,umordacai5g@last.fm,50,082364007007,P000025
V0000383,22/11/2016,24/11/2016 15:31,2,Rp27000,eduddle34@redcross.org,25,086901219773,P000094
V0000384,15/4/2017,,1,Rp27000,bcradick3t@squidoo.com,25,080814514094,P0000157
V0000385,10/3/2016,,1,Rp152000,cnewling64@hc360.com,150,089159608191,P0000118
V0000386,14/5/2016,16/05/2016 15:07,2,Rp152000,owoolliams1w@unc.edu,150,080245678981,P000069
V0000387,1/6/2016,03/06/2016 05:15,2,Rp202000,ebridgwoodb@fotki.com,200,084914571715,P00007
V0000388,14/3/2017,17/03/2017 08:56,2,Rp7000,amilstead5i@umich.edu,5,084605543375,P000043
V0000389,11/11/2016,,1,Rp27000,md3c@about.com,25,080139828915,P0000171
V0000390,28/8/2016,,1,Rp27000,nrodda11@hibu.com,25,081252302661,P0000136
V0000391,6/11/2016,,1,Rp12000,jjeffcoat5e@npr.org,10,087068389940,P0000163
V0000392,19/10/2016,,1,Rp202000,mpowney2s@over-blog.com,200,084894394013,P000091
V0000393,12/2/2017,16/02/2017 09:26,2,Rp27000,gkristoffersen63@businesswire.com,25,089465850478,P000073
V0000394,29/1/2016,,1,Rp52000,vmessruther40@fc2.com,50,083764441781,P00004
V0000395,26/12/2016,,1,Rp52000,mpattison1d@spotify.com,50,080446590793,P000053
V0000396,4/4/2017,,1,Rp12000,rreeson1y@cnet.com,10,080474700107,P000023
V0000397,24/7/2016,,1,Rp7000,ireadhead3k@is.gd,5,089268549631,P0000141
V0000398,21/8/2016,25/08/2016 00:00,2,Rp12000,pshillington1m@usda.gov,10,086810560738,P000030
V0000399,2/7/2016,,1,Rp7000,sklimentov4k@creativecommons.org,5,080810117810,P000022
V0000400,24/7/2016,,1,Rp27000,fmasic1h@prweb.com,25,087680100452,P0000157
V0000401,9/9/2016,,1,Rp202000,sokeenan23@csmonitor.com,200,083907368770,P0000182
V0000402,9/1/2017,,1,Rp102000,epotte5n@redcross.org,100,087954524225,P0000152
V0000403,26/1/2016,30/01/2016 08:52,2,Rp152000,hgisborne28@slashdot.org,150,088627968524,P0000160
V0000404,26/1/2017,28/01/2017 15:20,2,Rp7000,sbwy1x@xing.com,5,083794238715,P000029
V0000405,10/7/2016,13/07/2016 23:35,2,Rp102000,mmobley2o@mac.com,100,087872548490,P00005
V0000406,8/8/2016,12/08/2016 01:52,2,Rp52000,jdinesen2y@vimeo.com,50,083915236091,P000039
V0000407,15/4/2017,,1,Rp27000,jwillard5r@51.la,25,082050374984,P0000150
V0000408,31/12/2016,,1,Rp102000,gkristoffersen63@businesswire.com,100,089465850478,P0000145
V0000409,29/6/2016,,1,Rp52000,lcolicot4d@behance.net,50,088995677800,P0000137
V0000410,1/4/2016,04/04/2016 05:56,2,Rp27000,awestphalen3s@desdev.cn,25,083362913749,P000045
V0000411,23/4/2017,25/04/2017 02:07,2,Rp12000,apetrasek3x@cocolog-nifty.com,10,083751068436,P000016
V0000412,13/3/2016,16/03/2016 03:06,2,Rp12000,jsedgeman20@sourceforge.net,10,089119013144,P0000156
V0000413,6/11/2016,,1,Rp152000,ebewfield1e@icio.us,150,089368096947,P0000174
V0000414,26/5/2016,,1,Rp52000,cbeaman7@instagram.com,50,083888037237,P000060
V0000415,11/7/2016,14/07/2016 20:25,2,Rp7000,cbrumen4a@skype.com,5,087202747523,P0000134
V0000416,17/9/2016,21/09/2016 12:29,2,Rp202000,owoolliams1w@unc.edu,200,080245678981,P0000133
V0000417,21/2/2016,25/02/2016 10:09,2,Rp102000,cshrimptone5f@gov.uk,100,088274693340,P000054
V0000418,5/10/2016,,1,Rp27000,blemasney2w@yelp.com,25,080480085783,P0000164
V0000419,27/1/2017,29/01/2017 14:10,2,Rp102000,glarmett22@reuters.com,100,080647660331,P000075
V0000420,2/10/2016,05/10/2016 00:21,2,Rp7000,bambersonv@wp.com,5,081561652227,P000022
V0000421,1/4/2016,05/04/2016 21:49,2,Rp152000,elamcken27@hud.gov,150,080081938955,P0000125
V0000422,21/2/2016,,1,Rp52000,ggamesonx@webs.com,50,089864490452,P00004
V0000423,4/7/2016,,1,Rp52000,pbroadbear2a@indiatimes.com,50,080983160868,P0000158
V0000424,26/9/2016,30/09/2016 08:42,2,Rp152000,nleither16@google.it,150,081287534952,P0000160
V0000425,28/3/2016,01/04/2016 12:53,2,Rp202000,minksteri@aol.com,200,089822940015,P0000112
V0000426,16/6/2016,,1,Rp202000,ehegley25@seattletimes.com,200,082575144612,P0000182
V0000427,13/6/2016,,1,Rp152000,kchastelain6l@ucsd.edu,150,081144636223,P0000104
V0000428,13/8/2016,,1,Rp152000,tskittreal5p@360.cn,150,082140943787,P0000125
V0000429,24/10/2016,28/10/2016 20:53,2,Rp202000,aodevey2z@prlog.org,200,088146432693,P00007
V0000430,3/11/2016,05/11/2016 23:38,2,Rp12000,cabby4b@cyberchimps.com,10,088272662800,P0000198
V0000431,10/1/2017,,1,Rp202000,kchastelain6l@ucsd.edu,200,081144636223,P0000168
V0000432,14/8/2016,17/08/2016 03:06,2,Rp12000,rstump59@thetimes.co.uk,10,083937227183,P000093
V0000433,7/12/2016,,1,Rp52000,scantu60@icio.us,50,089688331346,P0000116
V0000434,22/10/2016,24/10/2016 16:01,2,Rp102000,zbaybutt6w@cafepress.com,100,088056138111,P0000145
V0000435,28/9/2016,01/10/2016 12:36,2,Rp12000,mcrichmer58@mac.com,10,084632469306,P000051
V0000436,17/9/2016,,1,Rp7000,bmacmanus3e@arstechnica.com,5,082391770624,P0000183
V0000437,7/3/2016,11/03/2016 23:27,2,Rp27000,kde3g@ebay.co.uk,25,086375130638,P0000199
V0000438,12/5/2016,15/05/2016 16:23,2,Rp12000,kbreukelman39@dot.gov,10,088560595824,P000058
V0000439,14/3/2016,17/03/2016 20:07,2,Rp152000,rmooney4j@theatlantic.com,150,084285996068,P0000125
V0000440,27/10/2016,31/10/2016 11:15,2,Rp12000,jalenshev3l@sciencedaily.com,10,084367350311,P0000149
V0000441,9/5/2016,,1,Rp52000,bbisseker4m@g.co,50,087594884290,P0000179
V0000442,1/9/2016,03/09/2016 12:12,2,Rp27000,rdametti2x@narod.ru,25,083663483463,P000045
V0000443,28/9/2016,01/10/2016 08:27,2,Rp152000,sbwy1x@xing.com,150,083794238715,P0000160
V0000444,5/4/2017,08/04/2017 09:52,2,Rp152000,nverlinde5l@globo.com,150,081444357145,P0000167
V0000445,28/1/2016,,1,Rp27000,klind1n@diigo.com,25,081938323903,P000052
V0000446,16/3/2016,20/03/2016 20:15,2,Rp7000,hjonathon1t@google.ca,5,080590818388,P000092
V0000447,15/8/2016,19/08/2016 05:59,2,Rp52000,ccheale1p@bbc.co.uk,50,086362735784,P0000130
V0000448,6/9/2016,10/09/2016 15:38,2,Rp52000,mtooley1s@storify.com,50,083854483381,P000074
V0000449,13/3/2016,15/03/2016 18:21,2,Rp12000,evinas1f@stanford.edu,10,083507186620,P0000121
V0000450,27/3/2016,,1,Rp52000,servine6k@macromedia.com,50,086400482295,P0000179
V0000451,13/11/2016,15/11/2016 18:03,2,Rp7000,lehrat55@spiegel.de,5,083601865364,P0000141
V0000452,27/1/2017,30/01/2017 06:37,2,Rp152000,sbwy1x@xing.com,150,083794238715,P0000174
V0000453,25/1/2016,27/01/2016 22:39,2,Rp102000,lbambrick2p@sfgate.com,100,085947800537,P000040
V0000454,24/4/2016,28/04/2016 06:11,2,Rp7000,mcrichmer58@mac.com,5,084632469306,P0000190
V0000455,29/1/2016,02/02/2016 03:08,2,Rp12000,cbeaman7@instagram.com,10,083888037237,P0000191
V0000456,14/5/2016,,1,Rp7000,vcarlton4x@jimdo.com,5,088221014231,P000071
V0000457,11/1/2017,,1,Rp12000,kaleevyq@msn.com,10,082615861181,P0000128
V0000458,5/11/2016,,1,Rp7000,pbroadbear2a@indiatimes.com,5,080983160868,P0000127
V0000459,27/2/2016,01/03/2016 06:47,2,Rp52000,ehegley25@seattletimes.com,50,082575144612,P000074
V0000460,30/7/2016,,1,Rp52000,dcaulfield2q@dmoz.org,50,081060631865,P0000137
V0000461,28/2/2017,02/03/2017 08:17,2,Rp27000,hcastanaga1j@fda.gov,25,087520960388,P0000192
V0000462,13/8/2016,16/08/2016 09:10,2,Rp152000,dreefe@springer.com,150,088639326822,P0000125
V0000463,14/1/2016,,1,Rp12000,vgissing12@google.fr,10,081227712578,P0000163
V0000464,31/8/2016,02/09/2016 00:52,2,Rp152000,sricardin6s@furl.net,150,085794978063,P000076
V0000465,3/4/2016,06/04/2016 20:31,2,Rp52000,apacher3h@etsy.com,50,082319153350,P0000123
V0000466,30/10/2016,03/11/2016 16:53,2,Rp202000,paskem3o@yale.edu,200,087276472964,P0000182
V0000467,31/7/2016,,1,Rp12000,sbellward3z@google.com,10,087323309025,P000044
V0000468,4/7/2016,,1,Rp52000,tblackway61@51.la,50,089041936071,P0000130
V0000469,8/2/2017,12/02/2017 09:01,2,Rp102000,rexley26@barnesandnoble.com,100,085504321184,P0000194
V0000470,24/6/2016,28/06/2016 16:42,2,Rp27000,jhaggerstone6n@cisco.com,25,086702997346,P000059
V0000471,20/11/2016,23/11/2016 02:58,2,Rp7000,rhouldey3d@latimes.com,5,083681512921,P0000134
V0000472,20/3/2016,24/03/2016 14:56,2,Rp12000,mmcfadden5x@live.com,10,087507423479,P0000114
V0000473,9/11/2016,,1,Rp27000,cleet1r@infoseek.co.jp,25,088278772478,P0000136
V0000474,12/3/2017,,1,Rp12000,kmiddlemiss6e@umn.edu,10,084351860045,P0000121
V0000475,6/7/2016,,1,Rp12000,erihanek66@surveymonkey.com,10,081089491133,P000079
V0000476,31/1/2017,,1,Rp202000,vcarlton4x@jimdo.com,200,088221014231,P000077
V0000477,2/2/2016,06/02/2016 07:26,2,Rp27000,mpowney2s@over-blog.com,25,084894394013,P0000122
V0000478,10/9/2016,,1,Rp52000,zbaybutt6w@cafepress.com,50,088056138111,P000053
V0000479,24/2/2016,,1,Rp102000,forudden6m@webeden.co.uk,100,080931190037,P000096
V0000480,27/9/2016,,1,Rp102000,svezey6j@va.gov,100,081232581509,P0000138
V0000481,11/3/2017,13/03/2017 06:32,2,Rp102000,gtofanon@ustream.tv,100,081614595122,P0000110
V0000482,7/3/2017,10/03/2017 01:32,2,Rp7000,cvigars47@irs.gov,5,088291429923,P0000134
V0000483,30/8/2016,,1,Rp27000,yseago4v@geocities.com,25,085584668453,P0000101
V0000484,11/4/2016,,1,Rp102000,sokeenan23@csmonitor.com,100,083907368770,P0000110
V0000485,10/4/2016,,1,Rp102000,nwemm2e@meetup.com,100,083747569638,P0000117
V0000486,21/7/2016,25/07/2016 09:40,2,Rp52000,mradsdale1u@imdb.com,50,083925735059,P0000172
V0000487,8/8/2016,12/08/2016 19:43,2,Rp202000,mquittonden51@acquirethisname.com,200,086972171639,P0000119
V0000488,21/5/2016,23/05/2016 06:11,2,Rp27000,smeachen33@chronoengine.com,25,087992464342,P0000178
V0000489,18/4/2017,22/04/2017 01:03,2,Rp202000,cvigars47@irs.gov,200,088291429923,P0000168
V0000490,1/8/2016,,1,Rp27000,lkobpac5u@nih.gov,25,082736262829,P0000157
V0000491,13/4/2016,,1,Rp152000,dbeagin5d@barnesandnoble.com,150,082407112188,P0000139
V0000492,14/11/2016,,1,Rp52000,erihanek66@surveymonkey.com,50,081089491133,P0000172
V0000493,30/6/2016,,1,Rp52000,hjonathon1t@google.ca,50,080590818388,P000025
V0000494,28/1/2016,,1,Rp12000,ghurleston45@netlog.com,10,082154487163,P0000107
V0000495,24/4/2016,28/04/2016 03:58,2,Rp202000,stither4h@google.ru,200,087640579752,P000056
V0000496,12/4/2016,,1,Rp202000,evinas1f@stanford.edu,200,083507186620,P0000147
V0000497,27/2/2017,03/03/2017 09:58,2,Rp7000,bstukings1o@elpais.com,5,085429551531,P000036
V0000498,20/1/2016,,1,Rp12000,tjohnsson35@gizmodo.com,10,082503556797,P000079
V0000499,2/8/2016,05/08/2016 22:30,2,Rp52000,bbryant56@bbc.co.uk,50,088886565255,P0000123
V0000500,29/10/2016,,1,Rp52000,csiegertsz2j@columbia.edu,50,082387894828,P000088
V0000501,16/1/2017,,1,Rp7000,awinchurst5v@cloudflare.com,5,080762142879,P0000148
V0000502,17/11/2016,,1,Rp52000,rreeson1y@cnet.com,50,080474700107,P0000151
V0000503,16/11/2016,,1,Rp152000,agrimestone5s@jimdo.com,150,084943331218,P0000139
V0000504,14/6/2016,,1,Rp52000,vcarlton4x@jimdo.com,50,088221014231,P0000193
V0000505,3/7/2016,06/07/2016 18:06,2,Rp7000,msteggals6q@ox.ac.uk,5,080200637897,P000043
V0000506,11/2/2017,13/02/2017 23:04,2,Rp7000,cdrysdale4z@dell.com,5,083852348392,P0000162
V0000507,21/11/2016,25/11/2016 09:55,2,Rp102000,nrentoll4q@nytimes.com,100,089382029723,P0000159
V0000508,2/12/2016,05/12/2016 15:51,2,Rp52000,pgrollmann1k@posterous.com,50,081306220495,P0000144
V0000509,25/5/2016,,1,Rp12000,mquittonden51@acquirethisname.com,10,086972171639,P0000198
V0000510,25/11/2016,,1,Rp52000,fportinari2r@cdc.gov,50,082745997636,P0000165
V0000511,9/10/2016,11/10/2016 01:16,2,Rp12000,epotte5n@redcross.org,10,087954524225,P0000128
V0000512,13/12/2016,16/12/2016 19:33,2,Rp202000,wfullylovep@aboutads.info,200,085353879685,P0000161
V0000513,9/4/2016,13/04/2016 03:10,2,Rp152000,bcradick3t@squidoo.com,150,080814514094,P000062
V0000514,6/2/2016,,1,Rp52000,zbaybutt6w@cafepress.com,50,088056138111,P0000179
V0000515,20/4/2017,,1,Rp202000,rosesnanes@nationalgeographic.com,200,087738354516,P0000189
V0000516,19/2/2016,21/02/2016 08:13,2,Rp202000,amardling6@typepad.com,200,086572794970,P0000161
V0000517,17/8/2016,20/08/2016 00:43,2,Rp102000,uguiducci43@istockphoto.com,100,084184962206,P000040
V0000518,26/1/2017,29/01/2017 11:43,2,Rp27000,ldoore32@loc.gov,25,084838437697,P0000150
V0000519,3/10/2016,,1,Rp7000,lehrat55@spiegel.de,5,083601865364,P0000127
V0000520,19/2/2017,22/02/2017 13:39,2,Rp52000,vgissing12@google.fr,50,081227712578,P000095
V0000521,13/4/2017,,1,Rp202000,mpietasch5y@nsw.gov.au,200,082903944658,P00007
V0000522,13/2/2017,17/02/2017 13:23,2,Rp152000,lbarbrookm@google.co.uk,150,089877161121,P0000174
V0000523,13/9/2016,15/09/2016 23:22,2,Rp202000,castlesa@paginegialle.it,200,086601207900,P0000182
V0000524,2/4/2017,04/04/2017 17:26,2,Rp152000,lmaunders4y@google.ca,150,089181257664,P0000125
V0000525,21/5/2016,23/05/2016 05:49,2,Rp12000,sbwy1x@xing.com,10,083794238715,P000079
V0000526,11/12/2016,15/12/2016 11:05,2,Rp102000,kdibdale5q@bandcamp.com,100,083881473500,P00005
V0000527,22/5/2016,25/05/2016 22:25,2,Rp152000,mmobley2o@mac.com,150,087872548490,P000041
V0000528,25/12/2016,,1,Rp12000,tjohnsson35@gizmodo.com,10,082503556797,P0000156
V0000529,30/10/2016,02/11/2016 21:00,2,Rp202000,sokeenan23@csmonitor.com,200,083907368770,P000014
V0000530,13/4/2017,,1,Rp12000,mgarric5@amazon.de,10,085833193950,P0000100
V0000531,28/6/2016,30/06/2016 19:07,2,Rp52000,cchastenet44@jiathis.com,50,081734887156,P000088
V0000532,4/4/2017,07/04/2017 13:38,2,Rp102000,vhabbeshawh@ifeng.com,100,085010568675,P0000159
V0000533,28/3/2017,31/03/2017 03:15,2,Rp27000,lkobpac5u@nih.gov,25,082736262829,P000017
V0000534,18/12/2016,20/12/2016 19:11,2,Rp52000,jdinesen2y@vimeo.com,50,083915236091,P000046
V0000535,9/2/2016,13/02/2016 23:47,2,Rp202000,gtofanon@ustream.tv,200,081614595122,P0000133
V0000536,22/8/2016,24/08/2016 10:31,2,Rp52000,vcarlton4x@jimdo.com,50,088221014231,P0000123
V0000537,7/1/2016,09/01/2016 02:50,2,Rp12000,fdarrington6i@unblog.fr,10,080190617622,P000079
V0000538,29/8/2016,02/09/2016 19:33,2,Rp12000,rhouldey3d@latimes.com,10,083681512921,P000065
V0000539,6/8/2016,10/08/2016 17:31,2,Rp202000,ldoram48@xrea.com,200,088849409298,P0000147
V0000540,18/4/2016,,1,Rp7000,kjuorio31@t.co,5,087715602216,P000071
V0000541,7/4/2016,11/04/2016 05:07,2,Rp102000,md3c@about.com,100,080139828915,P000089
V0000542,18/5/2016,22/05/2016 12:09,2,Rp102000,istreeton2u@yellowbook.com,100,080656377820,P0000124
V0000543,1/4/2017,04/04/2017 02:58,2,Rp152000,ireadhead3k@is.gd,150,089268549631,P000027
V0000544,17/4/2016,,1,Rp52000,sricardin6s@furl.net,50,085794978063,P000088
V0000545,24/8/2016,,1,Rp52000,hbeloe1z@freewebs.com,50,084537215061,P000011
V0000546,6/1/2017,,1,Rp52000,claraway1l@parallels.com,50,085029220527,P000046
V0000547,14/8/2016,,1,Rp202000,fburkman2b@twitpic.com,200,088060310279,P0000147
V0000548,3/7/2016,05/07/2016 02:29,2,Rp202000,lfendleyc@amazon.co.uk,200,086030943634,P000063
V0000549,25/11/2016,,1,Rp27000,ffarncombe5h@theguardian.com,25,088300445379,P000017
V0000550,31/5/2016,02/06/2016 10:19,2,Rp52000,rdametti2x@narod.ru,50,083663483463,P0000130
V0000551,9/11/2016,13/11/2016 10:33,2,Rp202000,ccheale1p@bbc.co.uk,200,086362735784,P000042
V0000552,28/4/2016,30/04/2016 06:24,2,Rp7000,jalenshev3l@sciencedaily.com,5,084367350311,P000029
V0000553,24/3/2017,27/03/2017 06:46,2,Rp12000,ebridgwoodb@fotki.com,10,084914571715,P000072
V0000554,24/7/2016,,1,Rp102000,ryedall62@arizona.edu,100,084184083560,P0000138
V0000555,19/2/2016,23/02/2016 12:32,2,Rp202000,astandell6g@washington.edu,200,088204822346,P000070
V0000556,26/8/2016,29/08/2016 04:52,2,Rp102000,adwelly3u@pen.io,100,089480370270,P000019
V0000557,20/1/2016,22/01/2016 10:59,2,Rp52000,rharcarse54@buzzfeed.com,50,085363513496,P0000102
V0000558,26/5/2016,28/05/2016 19:46,2,Rp7000,rosesnanes@nationalgeographic.com,5,087738354516,P0000141
V0000559,1/4/2017,04/04/2017 20:56,2,Rp12000,gtaggett5t@over-blog.com,10,088620140001,P000016
V0000560,27/7/2016,,1,Rp12000,ghurleston45@netlog.com,10,082154487163,P000093
V0000561,14/2/2016,18/02/2016 12:35,2,Rp12000,twormleightonk@dagondesign.com,10,089803625389,P0000191
V0000562,8/3/2017,,1,Rp202000,gtaggett5t@over-blog.com,200,088620140001,P000056
V0000563,17/2/2017,,1,Rp102000,mmcgarvey6d@yellowbook.com,100,085543170838,P000096
V0000564,17/5/2016,21/05/2016 03:02,2,Rp7000,hborn8@sakura.ne.jp,5,088495578938,P00001
V0000565,18/11/2016,,1,Rp152000,gpickervancew@va.gov,150,089495105576,P000062
V0000566,8/8/2016,10/08/2016 04:54,2,Rp12000,cbrumen4a@skype.com,10,087202747523,P000086
V0000567,23/6/2016,,1,Rp102000,jjeffcoat5e@npr.org,100,087068389940,P000026
V0000568,23/4/2016,25/04/2016 20:09,2,Rp52000,wzanini2t@yahoo.co.jp,50,083613145333,P0000172
V0000569,5/3/2017,08/03/2017 00:56,2,Rp12000,abinnes6o@pcworld.com,10,084313290763,P0000121
V0000570,17/5/2016,,1,Rp202000,ccheale1p@bbc.co.uk,200,086362735784,P000042
V0000571,26/4/2016,,1,Rp202000,ao4u@posterous.com,200,086837747059,P000021
V0000572,27/2/2016,29/02/2016 03:18,2,Rp27000,csaladine6a@businesswire.com,25,087630360279,P000073
V0000573,14/3/2017,16/03/2017 09:44,2,Rp52000,pmccague6r@a8.net,50,088066108729,P0000123
V0000574,10/8/2016,13/08/2016 21:42,2,Rp52000,paskem3o@yale.edu,50,087276472964,P000074
V0000575,1/3/2016,04/03/2016 23:37,2,Rp27000,ireadhead3k@is.gd,25,089268549631,P0000171
V0000576,7/4/2017,,1,Rp152000,mcollyns46@1und1.de,150,085078664484,P0000111
V0000577,14/4/2016,17/04/2016 18:17,2,Rp102000,lcrichley19@noaa.gov,100,084464299383,P0000180
V0000578,22/10/2016,26/10/2016 07:46,2,Rp12000,bcradick3t@squidoo.com,10,080814514094,P000065
V0000579,1/3/2017,,1,Rp202000,lcrichley19@noaa.gov,200,084464299383,P0000133
V0000580,8/9/2016,10/09/2016 18:05,2,Rp12000,drojel5k@merriam-webster.com,10,083819654832,P0000128
V0000581,20/8/2016,23/08/2016 15:54,2,Rp202000,mkeays6h@posterous.com,200,083800668752,P000042
V0000582,23/1/2016,,1,Rp102000,dcaulfield2q@dmoz.org,100,081060631865,P000096
V0000583,29/4/2016,,1,Rp27000,cchastenet44@jiathis.com,25,081734887156,P000094
V0000584,23/3/2016,,1,Rp27000,rpigott17@vimeo.com,25,083838217143,P0000136
V0000585,12/3/2016,,1,Rp102000,ebridgwoodb@fotki.com,100,084914571715,P000096
V0000586,2/3/2017,06/03/2017 22:48,2,Rp12000,wnotman6v@istockphoto.com,10,089798087339,P000093
V0000587,26/4/2016,30/04/2016 10:32,2,Rp7000,kkilmister3q@indiatimes.com,5,085918952542,P0000162
V0000588,30/5/2016,02/06/2016 14:33,2,Rp27000,dbasire4n@nasa.gov,25,086999471286,P0000157
V0000589,22/1/2016,26/01/2016 01:10,2,Rp152000,epotte5n@redcross.org,150,087954524225,P000027
V0000590,3/11/2016,,1,Rp152000,hluney5c@bloglovin.com,150,085261212980,P000076
V0000591,30/11/2016,03/12/2016 05:47,2,Rp12000,mkeays6h@posterous.com,10,083800668752,P000093
V0000592,27/1/2017,30/01/2017 22:20,2,Rp102000,vcarlton4x@jimdo.com,100,088221014231,P000089
V0000593,23/2/2017,,1,Rp52000,lgreenig18@loc.gov,50,085465927388,P0000102
V0000594,30/7/2016,01/08/2016 00:13,2,Rp52000,sokeenan23@csmonitor.com,50,083907368770,P00004
V0000595,28/10/2016,01/11/2016 05:36,2,Rp27000,bambersonv@wp.com,25,081561652227,P0000178
V0000596,30/10/2016,02/11/2016 21:30,2,Rp12000,lcrichley19@noaa.gov,10,084464299383,P0000135
V0000597,31/10/2016,04/11/2016 18:01,2,Rp27000,nwemm2e@meetup.com,25,083747569638,P0000150
V0000598,19/7/2016,,1,Rp202000,evinas1f@stanford.edu,200,083507186620,P0000126
V0000599,25/11/2016,29/11/2016 16:58,2,Rp152000,mquittonden51@acquirethisname.com,150,086972171639,P0000132
V0000600,18/4/2017,,1,Rp52000,rpitwayj@elegantthemes.com,50,089953982487,P000067
V0000601,4/5/2016,,1,Rp52000,tblackway61@51.la,50,089041936071,P000032
V0000602,21/1/2016,23/01/2016 20:55,2,Rp12000,wzanini2t@yahoo.co.jp,10,083613145333,P00009
V0000603,20/12/2016,23/12/2016 01:07,2,Rp102000,tadame4c@alexa.com,100,083954809255,P0000187
V0000604,13/10/2016,16/10/2016 17:47,2,Rp202000,dcaulfield2q@dmoz.org,200,081060631865,P0000126
V0000605,22/3/2016,25/03/2016 00:38,2,Rp202000,gjanning3@opensource.org,200,080295257279,P0000147
V0000606,30/12/2016,01/01/2017 00:23,2,Rp7000,sde3b@trellian.com,5,080046759658,P00008
V0000607,7/10/2016,09/10/2016 05:17,2,Rp12000,tblackway61@51.la,10,089041936071,P0000114
V0000608,31/3/2017,03/04/2017 06:40,2,Rp52000,egiles42@sitemeter.com,50,086087726649,P0000123
V0000609,4/2/2017,07/02/2017 03:09,2,Rp52000,kantoniat5b@hc360.com,50,080488355075,P000067
V0000610,27/1/2016,,1,Rp52000,ffarncombe5h@theguardian.com,50,088300445379,P0000109
V0000611,17/4/2017,19/04/2017 11:07,2,Rp12000,jsedgeman20@sourceforge.net,10,089119013144,P000093
V0000612,5/6/2016,,1,Rp12000,lbottom1b@blinklist.com,10,084235158040,P0000107
V0000613,30/11/2016,03/12/2016 03:14,2,Rp102000,bstukings1o@elpais.com,100,085429551531,P0000173
V0000614,7/1/2016,,1,Rp102000,hduffieldy@bloglovin.com,100,087798981982,P0000187
V0000615,5/2/2017,,1,Rp27000,owoolliams1w@unc.edu,25,080245678981,P000010
V0000616,20/1/2016,24/01/2016 09:45,2,Rp202000,ehegley25@seattletimes.com,200,082575144612,P000049
V0000617,24/1/2017,27/01/2017 15:35,2,Rp7000,nrentoll4q@nytimes.com,5,089382029723,P000036
V0000618,5/2/2016,08/02/2016 06:18,2,Rp202000,cabby4b@cyberchimps.com,200,088272662800,P000021
V0000619,22/11/2016,26/11/2016 23:39,2,Rp12000,bweaver4f@ebay.com,10,083831936485,P0000198
V0000620,18/5/2016,21/05/2016 14:22,2,Rp152000,lfalkner2i@cpanel.net,150,080575460432,P0000118
V0000621,25/8/2016,27/08/2016 08:14,2,Rp52000,twormleightonk@dagondesign.com,50,089803625389,P000074
V0000622,18/7/2016,,1,Rp7000,pshillington1m@usda.gov,5,086810560738,P0000176
V0000623,29/6/2016,01/07/2016 18:24,2,Rp27000,gkristoffersen63@businesswire.com,25,089465850478,P000038
V0000624,3/9/2016,07/09/2016 06:24,2,Rp102000,ahaverson3v@columbia.edu,100,082552305939,P0000117
V0000625,5/2/2017,09/02/2017 17:35,2,Rp202000,rbuxey5o@scientificamerican.com,200,089036678774,P000021
V0000626,8/7/2016,,1,Rp52000,msaltsberger69@hud.gov,50,086693577153,P000053
V0000627,12/9/2016,15/09/2016 17:18,2,Rp7000,mkeays6h@posterous.com,5,083800668752,P0000134
V0000628,9/4/2016,12/04/2016 23:00,2,Rp102000,tadame4c@alexa.com,100,083954809255,P000075
V0000629,3/3/2016,,1,Rp12000,lehrat55@spiegel.de,10,083601865364,P000058
V0000630,23/1/2017,27/01/2017 16:29,2,Rp27000,hlinklet1a@answers.com,25,083809332578,P000031
V0000631,10/9/2016,12/09/2016 02:57,2,Rp52000,ehegley25@seattletimes.com,50,082575144612,P000067
V0000632,22/12/2016,,1,Rp202000,mcrichmer58@mac.com,200,084632469306,P0000133
V0000633,6/1/2017,08/01/2017 04:50,2,Rp27000,jradage2l@blogtalkradio.com,25,083776072823,P0000178
V0000634,14/8/2016,,1,Rp12000,fmasic1h@prweb.com,10,087680100452,P0000107
V0000635,16/9/2016,20/09/2016 10:03,2,Rp27000,cseamans2c@indiatimes.com,25,089112010278,P0000143
V0000636,2/7/2016,,1,Rp27000,lbarbrookm@google.co.uk,25,089877161121,P0000143
V0000637,28/7/2016,01/08/2016 22:39,2,Rp152000,wfullylovep@aboutads.info,150,085353879685,P000048
V0000638,20/3/2017,24/03/2017 02:19,2,Rp52000,pshillington1m@usda.gov,50,086810560738,P000032
V0000639,22/4/2017,24/04/2017 11:05,2,Rp102000,kviles24@1688.com,100,084860494017,P000047
V0000640,7/1/2016,09/01/2016 16:15,2,Rp27000,kde3g@ebay.co.uk,25,086375130638,P000066
V0000641,2/4/2017,,1,Rp27000,bweaver4f@ebay.com,25,083831936485,P00003
V0000642,11/9/2016,13/09/2016 11:00,2,Rp12000,yseago4v@geocities.com,10,085584668453,P000086
V0000643,4/12/2016,,1,Rp102000,lbambrick2p@sfgate.com,100,085947800537,P000089
V0000644,13/2/2016,,1,Rp202000,cabby4b@cyberchimps.com,200,088272662800,P000021
V0000645,21/3/2016,23/03/2016 18:30,2,Rp12000,pshillington1m@usda.gov,10,086810560738,P000023
V0000646,22/2/2016,24/02/2016 19:44,2,Rp102000,zbaybutt6w@cafepress.com,100,088056138111,P0000131
V0000647,2/5/2016,04/05/2016 06:53,2,Rp12000,hbeloe1z@freewebs.com,10,084537215061,P0000163
V0000648,19/1/2016,,1,Rp27000,sbellward3z@google.com,25,087323309025,P0000185
V0000649,1/4/2016,05/04/2016 04:35,2,Rp7000,bfalshaw2@about.me,5,089250859186,P0000141
V0000650,7/3/2017,11/03/2017 14:42,2,Rp152000,owoolliams1w@unc.edu,150,080245678981,P000034
V0000651,21/9/2016,23/09/2016 08:11,2,Rp7000,dhurne4@nydailynews.com,5,081852887905,P000078
V0000652,25/2/2016,28/02/2016 20:24,2,Rp7000,nrodda11@hibu.com,5,081252302661,P0000134
V0000653,16/9/2016,,1,Rp27000,lgreenig18@loc.gov,25,085465927388,P000066
V0000654,20/9/2016,24/09/2016 02:22,2,Rp52000,nverlinde5l@globo.com,50,081444357145,P0000158
V0000655,8/8/2016,,1,Rp12000,bambersonv@wp.com,10,081561652227,P0000198
V0000656,4/1/2017,07/01/2017 23:20,2,Rp202000,smeachen33@chronoengine.com,200,087992464342,P000056
V0000657,20/10/2016,23/10/2016 03:44,2,Rp12000,zheaton29@va.gov,10,084560686482,P000093
V0000658,8/4/2017,10/04/2017 20:04,2,Rp152000,fdarrington6i@unblog.fr,150,080190617622,P0000104
V0000659,10/6/2016,13/06/2016 08:11,2,Rp202000,erihanek66@surveymonkey.com,200,081089491133,P000084
V0000660,25/7/2016,,1,Rp102000,cseamans2c@indiatimes.com,100,089112010278,P000033
V0000661,20/8/2016,22/08/2016 01:36,2,Rp202000,sdufer57@yellowbook.com,200,082160710840,P000021
V0000662,11/3/2016,13/03/2016 08:06,2,Rp102000,dcaulfield2q@dmoz.org,100,081060631865,P000019
V0000663,6/12/2016,,1,Rp202000,mmcfadden5x@live.com,200,087507423479,P0000154
V0000664,13/1/2016,,1,Rp152000,wnotman6v@istockphoto.com,150,089798087339,P0000167
V0000665,18/11/2016,,1,Rp27000,rdidball53@webs.com,25,080705469249,P000066
V0000666,1/12/2016,,1,Rp52000,ebewfield1e@icio.us,50,089368096947,P0000151
V0000667,11/1/2017,15/01/2017 22:36,2,Rp52000,stither4h@google.ru,50,087640579752,P000088
V0000668,1/4/2016,03/04/2016 17:00,2,Rp52000,olindeboom6x@adobe.com,50,087901515196,P000046
V0000669,29/11/2016,,1,Rp52000,lkobpac5u@nih.gov,50,082736262829,P000088
V0000670,1/12/2016,05/12/2016 02:44,2,Rp152000,ptesh5a@salon.com,150,088863667126,P000090
V0000671,15/10/2016,18/10/2016 14:17,2,Rp12000,dreefe@springer.com,10,088639326822,P000044
V0000672,26/2/2016,28/02/2016 01:10,2,Rp102000,dbasire4n@nasa.gov,100,086999471286,P0000110
V0000673,11/3/2016,14/03/2016 05:24,2,Rp152000,fburkman2b@twitpic.com,150,088060310279,P0000132
V0000674,19/6/2016,21/06/2016 08:16,2,Rp202000,lehrat55@spiegel.de,200,083601865364,P000035
V0000675,13/10/2016,15/10/2016 00:09,2,Rp12000,snavein2h@yolasite.com,10,083304827407,P0000142
V0000676,13/5/2016,,1,Rp52000,jguice6f@cyberchimps.com,50,088825342280,P000053
V0000677,14/2/2016,16/02/2016 08:12,2,Rp52000,pnursey4r@myspace.com,50,081451543579,P000011
V0000678,4/3/2016,08/03/2016 14:31,2,Rp52000,jsedgeman20@sourceforge.net,50,089119013144,P000067
V0000679,5/7/2016,07/07/2016 23:59,2,Rp102000,fburkman2b@twitpic.com,100,088060310279,P000026
V0000680,12/6/2016,16/06/2016 04:28,2,Rp152000,hduffieldy@bloglovin.com,150,087798981982,P0000153
V0000681,10/3/2017,14/03/2017 02:28,2,Rp152000,kviles24@1688.com,150,084860494017,P000062
V0000682,16/12/2016,,1,Rp7000,elamcken27@hud.gov,5,080081938955,P0000162
V0000683,2/10/2016,06/10/2016 07:13,2,Rp27000,agatrell49@slate.com,25,082135809166,P0000199
V0000684,24/4/2016,26/04/2016 20:42,2,Rp152000,lgreenig18@loc.gov,150,085465927388,P000034
V0000685,8/2/2016,11/02/2016 23:55,2,Rp102000,smeachen33@chronoengine.com,100,087992464342,P0000110
V0000686,17/1/2017,,1,Rp7000,adortonl@nytimes.com,5,089629864550,P000043
V0000687,11/1/2016,,1,Rp202000,nleither16@google.it,200,081287534952,P000070
V0000688,30/4/2016,,1,Rp12000,egiles42@sitemeter.com,10,086087726649,P0000198
V0000689,31/1/2016,,1,Rp27000,apacher3h@etsy.com,25,082319153350,P000017
V0000690,8/4/2017,10/04/2017 15:11,2,Rp27000,mmcgarvey6d@yellowbook.com,25,085543170838,P000080
V0000691,23/2/2016,26/02/2016 23:15,2,Rp52000,cnewling64@hc360.com,50,089159608191,P000060
V0000692,25/5/2016,29/05/2016 12:56,2,Rp102000,gberthouloume4w@delicious.com,100,088995977500,P0000187
V0000693,22/9/2016,26/09/2016 11:52,2,Rp27000,claraway1l@parallels.com,25,085029220527,P0000199
V0000694,3/1/2017,,1,Rp27000,kbreukelman39@dot.gov,25,088560595824,P0000171
V0000695,15/3/2016,17/03/2016 21:51,2,Rp52000,dbasire4n@nasa.gov,50,086999471286,P0000130
V0000696,19/2/2016,23/02/2016 10:23,2,Rp7000,sgrigollig@weather.com,5,082047655814,P0000106
V0000697,27/2/2017,,1,Rp52000,tblackway61@51.la,50,089041936071,P0000102
V0000698,11/7/2016,15/07/2016 18:34,2,Rp102000,cbakhrushint@reddit.com,100,086370364042,P000047
V0000699,23/4/2016,,1,Rp102000,mepinoyu@51.la,100,082993669800,P0000187
V0000700,16/3/2017,19/03/2017 09:10,2,Rp12000,rexley26@barnesandnoble.com,10,085504321184,P0000198
V0000701,26/4/2016,30/04/2016 22:32,2,Rp202000,mmobley2o@mac.com,200,087872548490,P000091
V0000702,15/6/2016,18/06/2016 22:33,2,Rp12000,mmasserel1g@epa.gov,10,088184601779,P000058
V0000703,23/2/2016,27/02/2016 02:51,2,Rp202000,sricardin6s@furl.net,200,085794978063,P000084
V0000704,24/8/2016,,1,Rp27000,jhaggerstone6n@cisco.com,25,086702997346,P000024
V0000705,12/9/2016,15/09/2016 23:51,2,Rp102000,lcrichley19@noaa.gov,100,084464299383,P0000194
V0000706,7/3/2016,,1,Rp102000,jwheelwright6u@i2i.jp,100,082488436035,P000075
V0000707,27/2/2016,29/02/2016 16:03,2,Rp102000,fburkman2b@twitpic.com,100,088060310279,P000047
V0000708,4/4/2017,07/04/2017 05:09,2,Rp7000,rosesnanes@nationalgeographic.com,5,087738354516,P000078
V0000709,11/3/2016,13/03/2016 07:44,2,Rp7000,cvigars47@irs.gov,5,088291429923,P0000134
V0000710,18/11/2016,,1,Rp12000,lmaunders4y@google.ca,10,089181257664,P0000135
V0000711,28/5/2016,01/06/2016 07:41,2,Rp52000,ldoram48@xrea.com,50,088849409298,P0000200
V0000712,26/2/2016,01/03/2016 22:51,2,Rp12000,scoppo50@facebook.com,10,080483717929,P000065
V0000713,27/2/2016,,1,Rp7000,bbryant56@bbc.co.uk,5,088886565255,P0000141
V0000714,10/7/2016,,1,Rp102000,gjanning3@opensource.org,100,080295257279,P000096
V0000715,1/1/2016,05/01/2016 05:47,2,Rp152000,sde3b@trellian.com,150,080046759658,P000048
V0000716,8/12/2016,10/12/2016 16:44,2,Rp152000,amardling6@typepad.com,150,086572794970,P000041
V0000717,14/3/2016,,1,Rp52000,hcastanaga1j@fda.gov,50,087520960388,P0000109
V0000718,30/3/2017,,1,Rp27000,djentle13@live.com,25,088328345551,P0000178
V0000719,21/9/2016,25/09/2016 02:42,2,Rp52000,medgell65@arizona.edu,50,085523555260,P000053
V0000720,24/4/2016,,1,Rp27000,erihanek66@surveymonkey.com,25,081089491133,P000094
V0000721,19/3/2016,22/03/2016 11:55,2,Rp7000,rosesnanes@nationalgeographic.com,5,087738354516,P0000162
V0000722,29/2/2016,,1,Rp7000,claraway1l@parallels.com,5,085029220527,P000022
V0000723,19/9/2016,,1,Rp27000,rharcarse54@buzzfeed.com,25,085363513496,P000059
V0000724,10/2/2017,,1,Rp27000,msteggals6q@ox.ac.uk,25,080200637897,P0000164
V0000725,13/2/2017,,1,Rp152000,klind1n@diigo.com,150,081938323903,P000013
V0000726,21/4/2017,,1,Rp27000,ldoore32@loc.gov,25,084838437697,P000080
V0000727,21/6/2016,,1,Rp102000,mquittonden51@acquirethisname.com,100,086972171639,P000019
V0000728,28/5/2016,01/06/2016 03:39,2,Rp27000,leason6p@wufoo.com,25,086042741789,P0000143
V0000729,27/8/2016,,1,Rp152000,mpattison1d@spotify.com,150,080446590793,P00006
V0000730,22/7/2016,26/07/2016 19:10,2,Rp152000,lcrichley19@noaa.gov,150,084464299383,P000055
V0000731,10/3/2016,14/03/2016 09:19,2,Rp102000,erihanek66@surveymonkey.com,100,081089491133,P0000117
V0000732,10/7/2016,12/07/2016 13:29,2,Rp7000,jalenshev3l@sciencedaily.com,5,084367350311,P000057
V0000733,18/8/2016,22/08/2016 12:28,2,Rp152000,ntye6t@dyndns.org,150,088567457252,P0000132
V0000734,6/1/2017,08/01/2017 06:42,2,Rp202000,astandell6g@washington.edu,200,088204822346,P000028
V0000735,2/4/2017,05/04/2017 06:21,2,Rp152000,svezey6j@va.gov,150,081232581509,P0000188
V0000736,11/2/2016,15/02/2016 03:50,2,Rp152000,cnewling64@hc360.com,150,089159608191,P000055
V0000737,3/1/2017,05/01/2017 21:04,2,Rp202000,ebridgwoodb@fotki.com,200,084914571715,P000049
V0000738,17/4/2017,19/04/2017 05:24,2,Rp7000,hduffieldy@bloglovin.com,5,087798981982,P0000183
V0000739,10/2/2017,12/02/2017 04:47,2,Rp202000,drojel5k@merriam-webster.com,200,083819654832,P0000119
V0000740,30/1/2017,,1,Rp12000,cleet1r@infoseek.co.jp,10,088278772478,P0000163
V0000741,3/1/2017,05/01/2017 23:16,2,Rp202000,pmccague6r@a8.net,200,088066108729,P00007
V0000742,1/1/2017,04/01/2017 08:48,2,Rp7000,fdarrington6i@unblog.fr,5,080190617622,P000036
V0000743,11/1/2016,,1,Rp52000,mkleen21@tumblr.com,50,085032027714,P000060
V0000744,2/3/2017,,1,Rp52000,pmccague6r@a8.net,50,088066108729,P000081
V0000745,10/1/2017,,1,Rp12000,adwelly3u@pen.io,10,089480370270,P0000156
V0000746,6/6/2016,08/06/2016 00:46,2,Rp152000,rreeson1y@cnet.com,150,080474700107,P000083
V0000747,1/4/2017,,1,Rp52000,hborn8@sakura.ne.jp,50,088495578938,P000032
V0000748,25/8/2016,27/08/2016 04:17,2,Rp52000,zbaybutt6w@cafepress.com,50,088056138111,P000074
V0000749,24/12/2016,,1,Rp152000,snavein2h@yolasite.com,150,083304827407,P000041
V0000750,21/9/2016,23/09/2016 11:54,2,Rp52000,glarmett22@reuters.com,50,080647660331,P000032
V0000751,25/4/2017,27/04/2017 12:49,2,Rp52000,castlesa@paginegialle.it,50,086601207900,P000074
V0000752,1/11/2016,03/11/2016 04:04,2,Rp7000,sokeenan23@csmonitor.com,5,083907368770,P0000134
V0000753,22/7/2016,,1,Rp52000,mvern3p@godaddy.com,50,087541311996,P0000200
V0000754,27/3/2017,31/03/2017 16:41,2,Rp202000,csiegertsz2j@columbia.edu,200,082387894828,P000014
V0000755,18/12/2016,22/12/2016 10:14,2,Rp152000,klind1n@diigo.com,150,081938323903,P00006
V0000756,11/1/2016,13/01/2016 08:17,2,Rp12000,gjanning3@opensource.org,10,080295257279,P000058
V0000757,19/11/2016,23/11/2016 06:20,2,Rp202000,ebridgwoodb@fotki.com,200,084914571715,P000084
V0000758,21/1/2017,25/01/2017 21:39,2,Rp102000,gtackell68@rambler.ru,100,088065222290,P0000138
V0000759,8/6/2016,12/06/2016 00:26,2,Rp102000,paskem3o@yale.edu,100,087276472964,P000075
V0000760,26/11/2016,30/11/2016 13:47,2,Rp152000,kbreukelman39@dot.gov,150,088560595824,P000055
V0000761,6/1/2017,10/01/2017 09:19,2,Rp12000,kkilmister3q@indiatimes.com,10,085918952542,P0000142
V0000762,8/5/2016,11/05/2016 06:41,2,Rp12000,jjeffcoat5e@npr.org,10,087068389940,P0000142
V0000763,2/1/2016,,1,Rp152000,rdidball53@webs.com,150,080705469249,P000076
V0000764,26/3/2016,29/03/2016 06:58,2,Rp102000,lkobpac5u@nih.gov,100,082736262829,P0000131
V0000765,9/1/2016,,1,Rp7000,zheaton29@va.gov,5,084560686482,P0000113
V0000766,31/10/2016,02/11/2016 12:24,2,Rp152000,jradage2l@blogtalkradio.com,150,083776072823,P0000118
V0000767,26/12/2016,30/12/2016 11:20,2,Rp12000,bweaver4f@ebay.com,10,083831936485,P0000191
V0000768,1/11/2016,,1,Rp102000,klind1n@diigo.com,100,081938323903,P0000110
V0000769,10/10/2016,14/10/2016 03:17,2,Rp52000,mdraysay5z@weibo.com,50,087966446221,P000025
V0000770,11/1/2017,,1,Rp202000,md3c@about.com,200,080139828915,P0000133
V0000771,8/2/2016,12/02/2016 00:34,2,Rp7000,rhallick2d@shutterfly.com,5,084520550800,P00001
V0000772,19/3/2016,,1,Rp102000,zbaybutt6w@cafepress.com,100,088056138111,P000019
V0000773,21/6/2016,24/06/2016 16:44,2,Rp12000,ebewfield1e@icio.us,10,089368096947,P0000135
V0000774,12/9/2016,,1,Rp27000,kde3g@ebay.co.uk,25,086375130638,P0000129
V0000775,1/3/2016,05/03/2016 05:26,2,Rp12000,rpitwayj@elegantthemes.com,10,089953982487,P0000128
V0000776,11/8/2016,15/08/2016 03:31,2,Rp27000,cchastenet44@jiathis.com,25,081734887156,P0000199
V0000777,20/1/2016,,1,Rp12000,gzapata4o@slideshare.net,10,083613907873,P0000184
V0000778,25/4/2017,29/04/2017 05:24,2,Rp12000,sokeenan23@csmonitor.com,10,083907368770,P000086
V0000779,13/1/2016,,1,Rp27000,jwillard5r@51.la,25,082050374984,P0000192
V0000780,19/7/2016,,1,Rp27000,lcrichley19@noaa.gov,25,084464299383,P0000192
V0000781,21/7/2016,23/07/2016 10:59,2,Rp27000,lehrat55@spiegel.de,25,083601865364,P0000171
V0000782,16/4/2016,18/04/2016 02:34,2,Rp7000,pworsfold3n@chron.com,5,082400644516,P0000120
V0000783,29/3/2017,31/03/2017 14:36,2,Rp152000,abinnes6o@pcworld.com,150,084313290763,P0000104
V0000784,7/2/2016,09/02/2016 14:41,2,Rp52000,lshillingford37@godaddy.com,50,084580644402,P000046
V0000785,24/3/2016,26/03/2016 10:28,2,Rp12000,rdametti2x@narod.ru,10,083663483463,P000058
V0000786,14/3/2016,,1,Rp152000,mkleen21@tumblr.com,150,085032027714,P0000125
V0000787,15/2/2017,18/02/2017 06:47,2,Rp12000,gkristoffersen63@businesswire.com,10,089465850478,P0000184
V0000788,14/6/2016,,1,Rp52000,klind1n@diigo.com,50,081938323903,P000060
V0000789,26/10/2016,,1,Rp27000,ghurleston45@netlog.com,25,082154487163,P0000164
V0000790,8/4/2017,,1,Rp52000,jsedgeman20@sourceforge.net,50,089119013144,P0000186
V0000791,18/5/2016,20/05/2016 09:47,2,Rp102000,yseago4v@geocities.com,100,085584668453,P0000124
V0000792,3/3/2017,05/03/2017 17:04,2,Rp27000,forudden6m@webeden.co.uk,25,080931190037,P000017
V0000793,21/4/2017,,1,Rp52000,uguiducci43@istockphoto.com,50,084184962206,P0000193
V0000794,31/1/2016,,1,Rp27000,cshrimptone5f@gov.uk,25,088274693340,P000038
V0000795,14/1/2017,,1,Rp12000,kmiddlemiss6e@umn.edu,10,084351860045,P0000184
V0000796,18/5/2016,22/05/2016 06:02,2,Rp202000,mthebeau1v@ed.gov,200,082171202428,P0000112
V0000797,7/10/2016,,1,Rp102000,cseamans2c@indiatimes.com,100,089112010278,P0000187
V0000798,17/12/2016,21/12/2016 21:03,2,Rp152000,wzanini2t@yahoo.co.jp,150,083613145333,P0000160
V0000799,2/10/2016,,1,Rp7000,mrobert1i@pcworld.com,5,085869266262,P000071
V0000800,22/3/2017,26/03/2017 14:35,2,Rp152000,wfullylovep@aboutads.info,150,085353879685,P000041
V0000801,1/2/2016,03/02/2016 13:23,2,Rp202000,kviles24@1688.com,200,084860494017,P000077
V0000802,3/8/2016,05/08/2016 03:32,2,Rp7000,ryedall62@arizona.edu,5,084184083560,P000022
V0000803,9/6/2016,12/06/2016 08:35,2,Rp12000,gtofanon@ustream.tv,10,081614595122,P0000128
V0000804,16/11/2016,19/11/2016 19:22,2,Rp202000,gberthouloume4w@delicious.com,200,088995977500,P0000154
V0000805,21/10/2016,,1,Rp152000,paskem3o@yale.edu,150,087276472964,P0000181
V0000806,20/1/2016,,1,Rp27000,sdufer57@yellowbook.com,25,082160710840,P0000136
V0000807,11/1/2016,15/01/2016 11:13,2,Rp102000,rharcarse54@buzzfeed.com,100,085363513496,P000068
V0000808,22/9/2016,25/09/2016 14:03,2,Rp52000,kaleevyq@msn.com,50,082615861181,P00004
V0000809,31/5/2016,,1,Rp7000,kaleevyq@msn.com,5,082615861181,P0000134
V0000810,14/11/2016,16/11/2016 13:50,2,Rp152000,adortonl@nytimes.com,150,089629864550,P0000153
V0000811,23/9/2016,,1,Rp152000,cleet1r@infoseek.co.jp,150,088278772478,P0000111
V0000812,24/11/2016,,1,Rp52000,nverlinde5l@globo.com,50,081444357145,P0000172
V0000813,28/11/2016,01/12/2016 04:36,2,Rp27000,lshillingford37@godaddy.com,25,084580644402,P000073
V0000814,9/10/2016,,1,Rp152000,tskittreal5p@360.cn,150,082140943787,P000013
V0000815,18/11/2016,,1,Rp52000,bwollers2v@usnews.com,50,082504673276,P0000109
V0000816,3/8/2016,05/08/2016 23:23,2,Rp202000,svezey6j@va.gov,200,081232581509,P000028
V0000817,10/12/2016,14/12/2016 07:40,2,Rp202000,rhallick2d@shutterfly.com,200,084520550800,P000056
V0000818,19/9/2016,23/09/2016 18:48,2,Rp12000,hjonathon1t@google.ca,10,080590818388,P0000107
V0000819,11/1/2016,13/01/2016 13:31,2,Rp12000,stither4h@google.ru,10,087640579752,P000086
V0000820,2/4/2017,,1,Rp7000,rdidball53@webs.com,5,080705469249,P00001
V0000821,16/12/2016,18/12/2016 12:55,2,Rp102000,ebewfield1e@icio.us,100,089368096947,P000068
V0000822,12/9/2016,14/09/2016 05:45,2,Rp152000,mkleen21@tumblr.com,150,085032027714,P0000181
V0000823,3/4/2016,,1,Rp7000,mkeays6h@posterous.com,5,083800668752,P0000127
V0000824,27/8/2016,31/08/2016 04:31,2,Rp7000,cabby4b@cyberchimps.com,5,088272662800,P0000155
V0000825,9/11/2016,12/11/2016 10:44,2,Rp12000,bfalshaw2@about.me,10,089250859186,P000023
V0000826,8/1/2017,,1,Rp152000,bmacmanus3e@arstechnica.com,150,082391770624,P000055
V0000827,16/3/2016,18/03/2016 16:35,2,Rp202000,rjodrelle1c@latimes.com,200,085817344632,P0000189
V0000828,19/12/2016,23/12/2016 03:53,2,Rp7000,awinchurst5v@cloudflare.com,5,080762142879,P000050
V0000829,20/2/2016,24/02/2016 03:28,2,Rp52000,bambersonv@wp.com,50,081561652227,P0000200
V0000830,19/7/2016,,1,Rp202000,mrobert1i@pcworld.com,200,085869266262,P0000126
V0000831,29/7/2016,01/08/2016 03:50,2,Rp7000,mkleen21@tumblr.com,5,085032027714,P000029
V0000832,31/7/2016,,1,Rp152000,bgenders52@noaa.gov,150,087905642654,P000048
V0000833,3/2/2017,,1,Rp7000,lfalkner2i@cpanel.net,5,080575460432,P000015
V0000834,21/7/2016,23/07/2016 09:35,2,Rp7000,dreefe@springer.com,5,088639326822,P0000183
V0000835,15/4/2016,,1,Rp7000,rmooney4j@theatlantic.com,5,084285996068,P0000141
V0000836,8/2/2016,10/02/2016 04:29,2,Rp152000,jsedgeman20@sourceforge.net,150,089119013144,P0000160
V0000837,7/3/2017,10/03/2017 08:53,2,Rp7000,mcollyns46@1und1.de,5,085078664484,P0000148
V0000838,12/12/2016,16/12/2016 00:37,2,Rp52000,rmooney4j@theatlantic.com,50,084285996068,P0000193
V0000839,7/1/2016,11/01/2016 00:19,2,Rp52000,kbreukelman39@dot.gov,50,088560595824,P000081
V0000840,7/3/2016,10/03/2016 07:50,2,Rp12000,lfalkner2i@cpanel.net,10,080575460432,P0000149
V0000841,12/4/2016,15/04/2016 08:23,2,Rp27000,scantu60@icio.us,25,089688331346,P000024
V0000842,24/4/2016,27/04/2016 04:23,2,Rp202000,vmessruther40@fc2.com,200,083764441781,P0000161
V0000843,14/2/2017,16/02/2017 16:43,2,Rp27000,plorenz3r@fotki.com,25,082546334851,P000087
V0000844,7/1/2016,11/01/2016 07:18,2,Rp12000,erihanek66@surveymonkey.com,10,081089491133,P00002
V0000845,12/5/2016,,1,Rp12000,ghurleston45@netlog.com,10,082154487163,P0000114
V0000846,30/4/2016,03/05/2016 20:59,2,Rp152000,sbwy1x@xing.com,150,083794238715,P0000146
V0000847,20/10/2016,22/10/2016 13:34,2,Rp152000,olindeboom6x@adobe.com,150,087901515196,P000027
V0000848,14/3/2017,,1,Rp27000,bwollers2v@usnews.com,25,082504673276,P0000199
V0000849,19/4/2016,21/04/2016 17:41,2,Rp202000,nleither16@google.it,200,081287534952,P000084
V0000850,20/8/2016,,1,Rp202000,adwelly3u@pen.io,200,089480370270,P000049
V0000851,2/9/2016,,1,Rp52000,fburkman2b@twitpic.com,50,088060310279,P0000151
V0000852,20/6/2016,22/06/2016 23:27,2,Rp7000,svezey6j@va.gov,5,081232581509,P0000162
V0000853,13/3/2016,15/03/2016 02:45,2,Rp12000,astandell6g@washington.edu,10,088204822346,P000086
V0000854,25/8/2016,,1,Rp102000,kmiddlemiss6e@umn.edu,100,084351860045,P0000187
V0000855,26/4/2016,30/04/2016 00:51,2,Rp27000,odredge3a@sogou.com,25,080559847594,P000066
V0000856,3/4/2016,05/04/2016 09:51,2,Rp152000,servine6k@macromedia.com,150,086400482295,P0000118
V0000857,28/9/2016,02/10/2016 07:56,2,Rp52000,mborlease2g@com.com,50,087909689738,P0000102
V0000858,5/10/2016,08/10/2016 16:33,2,Rp202000,bambersonv@wp.com,200,081561652227,P0000196
V0000859,6/4/2016,08/04/2016 15:09,2,Rp102000,mcollyns46@1und1.de,100,085078664484,P0000110
V0000860,3/4/2016,06/04/2016 21:53,2,Rp52000,lshillingford37@godaddy.com,50,084580644402,P000018
V0000861,1/4/2017,04/04/2017 07:20,2,Rp152000,sbellward3z@google.com,150,087323309025,P0000153
V0000862,15/3/2017,,1,Rp202000,apetrasek3x@cocolog-nifty.com,200,083751068436,P000063
V0000863,3/3/2017,06/03/2017 03:57,2,Rp12000,hlinklet1a@answers.com,10,083809332578,P000051
V0000864,10/10/2016,12/10/2016 19:19,2,Rp202000,cnewling64@hc360.com,200,089159608191,P0000168
V0000865,17/6/2016,20/06/2016 05:17,2,Rp27000,twormleightonk@dagondesign.com,25,089803625389,P000038
V0000866,3/4/2017,07/04/2017 06:55,2,Rp27000,mdraysay5z@weibo.com,25,087966446221,P00003
V0000867,30/3/2017,02/04/2017 03:28,2,Rp152000,bcradick3t@squidoo.com,150,080814514094,P0000188
V0000868,20/8/2016,23/08/2016 17:48,2,Rp102000,tjohnsson35@gizmodo.com,100,082503556797,P0000117
V0000869,15/4/2016,,1,Rp102000,kkilmister3q@indiatimes.com,100,085918952542,P000026
V0000870,15/1/2017,19/01/2017 07:38,2,Rp152000,amcsparran6b@springer.com,150,089401587927,P000048
V0000871,21/2/2016,,1,Rp202000,rhaselhurst41@netvibes.com,200,085060224263,P000077
V0000872,9/12/2016,13/12/2016 00:09,2,Rp102000,mmcfadden5x@live.com,100,087507423479,P0000166
V0000873,1/4/2016,,1,Rp152000,csaladine6a@businesswire.com,150,087630360279,P0000188
V0000874,12/2/2017,15/02/2017 01:13,2,Rp152000,pgrollmann1k@posterous.com,150,081306220495,P0000160
V0000875,26/1/2016,29/01/2016 15:21,2,Rp12000,hduffieldy@bloglovin.com,10,087798981982,P0000142
V0000876,31/3/2016,,1,Rp7000,rpigott17@vimeo.com,5,083838217143,P0000134
V0000877,3/4/2017,,1,Rp7000,mvedikhov3i@linkedin.com,5,088825829443,P0000120
V0000878,7/10/2016,,1,Rp152000,ffarncombe5h@theguardian.com,150,088300445379,P000048
V0000879,20/9/2016,24/09/2016 18:19,2,Rp27000,lradnage30@canalblog.com,25,082305706756,P0000115
V0000880,10/4/2017,12/04/2017 04:27,2,Rp52000,amardling6@typepad.com,50,086572794970,P0000144
V0000881,5/9/2016,08/09/2016 02:33,2,Rp52000,elamcken27@hud.gov,50,080081938955,P0000109
V0000882,30/1/2016,03/02/2016 13:44,2,Rp12000,istreeton2u@yellowbook.com,10,080656377820,P000065
V0000883,22/1/2016,,1,Rp12000,evinas1f@stanford.edu,10,083507186620,P000051
V0000884,23/12/2016,26/12/2016 08:36,2,Rp102000,cmcwhin4g@gizmodo.com,100,082640302573,P0000152
V0000885,19/2/2017,22/02/2017 07:06,2,Rp7000,rdametti2x@narod.ru,5,083663483463,P0000134
V0000886,16/1/2016,18/01/2016 13:43,2,Rp152000,odredge3a@sogou.com,150,080559847594,P000048
V0000887,23/5/2016,25/05/2016 02:29,2,Rp27000,mmcfadden5x@live.com,25,087507423479,P0000115
V0000888,4/11/2016,,1,Rp202000,gberthouloume4w@delicious.com,200,088995977500,P0000119
V0000889,27/5/2016,30/05/2016 23:35,2,Rp202000,atrowler5j@apple.com,200,084814125457,P000042
V0000890,23/1/2016,,1,Rp12000,oernshaw9@ycombinator.com,10,084994136174,P0000149
V0000891,5/2/2016,08/02/2016 20:27,2,Rp202000,dhurne4@nydailynews.com,200,081852887905,P000091
V0000892,29/7/2016,,1,Rp152000,boxtoby2f@zdnet.com,150,087762180611,P0000167
V0000893,28/2/2017,03/03/2017 22:00,2,Rp202000,mtooley1s@storify.com,200,083854483381,P000035
V0000894,10/8/2016,,1,Rp52000,rharcarse54@buzzfeed.com,50,085363513496,P000095
V0000895,5/2/2017,08/02/2017 00:42,2,Rp52000,plorenz3r@fotki.com,50,082546334851,P0000137
V0000896,13/3/2016,,1,Rp27000,epotte5n@redcross.org,25,087954524225,P000066
V0000897,10/5/2016,14/05/2016 10:06,2,Rp12000,mpattison1d@spotify.com,10,080446590793,P000023
V0000898,2/12/2016,04/12/2016 13:37,2,Rp202000,aodevey2z@prlog.org,200,088146432693,P0000119
V0000899,27/12/2016,29/12/2016 13:26,2,Rp12000,djentle13@live.com,10,088328345551,P0000191
V0000900,29/3/2016,01/04/2016 10:37,2,Rp12000,pgrollmann1k@posterous.com,10,081306220495,P000086
V0000901,6/5/2016,08/05/2016 08:12,2,Rp152000,nleither16@google.it,150,081287534952,P0000118
V0000902,22/1/2016,26/01/2016 01:48,2,Rp102000,hjonathon1t@google.ca,100,080590818388,P000047
V0000903,25/11/2016,,1,Rp12000,ntye6t@dyndns.org,10,088567457252,P0000184
V0000904,28/4/2016,,1,Rp152000,sbwy1x@xing.com,150,083794238715,P000041
V0000905,7/10/2016,10/10/2016 20:44,2,Rp202000,wzanini2t@yahoo.co.jp,200,083613145333,P0000105
V0000906,29/9/2016,01/10/2016 00:04,2,Rp152000,mmcfadden5x@live.com,150,087507423479,P0000181
V0000907,11/4/2017,15/04/2017 01:59,2,Rp27000,rexley26@barnesandnoble.com,25,085504321184,P000045
V0000908,5/2/2017,08/02/2017 22:09,2,Rp7000,bmacmanus3e@arstechnica.com,5,082391770624,P000099
V0000909,7/4/2017,11/04/2017 02:52,2,Rp12000,kmiddlemiss6e@umn.edu,10,084351860045,P0000100
V0000910,2/6/2016,04/06/2016 16:50,2,Rp12000,apacher3h@etsy.com,10,082319153350,P000093
V0000911,11/3/2017,15/03/2017 16:30,2,Rp102000,kchastelain6l@ucsd.edu,100,081144636223,P00005
V0000912,21/5/2016,25/05/2016 00:30,2,Rp102000,rstump59@thetimes.co.uk,100,083937227183,P00005
V0000913,28/8/2016,01/09/2016 04:14,2,Rp7000,jjeffcoat5e@npr.org,5,087068389940,P0000120
V0000914,22/9/2016,,1,Rp202000,rhouldey3d@latimes.com,200,083681512921,P0000105
V0000915,7/5/2016,,1,Rp152000,awinchurst5v@cloudflare.com,150,080762142879,P000097
V0000916,29/12/2016,01/01/2017 06:02,2,Rp102000,rjodrelle1c@latimes.com,100,085817344632,P0000124
V0000917,9/2/2017,11/02/2017 06:36,2,Rp102000,mradsdale1u@imdb.com,100,083925735059,P000012
V0000918,28/6/2016,30/06/2016 12:08,2,Rp52000,gjanning3@opensource.org,50,080295257279,P0000186
V0000919,9/3/2017,11/03/2017 08:48,2,Rp27000,bgenders52@noaa.gov,25,087905642654,P0000108
V0000920,10/9/2016,14/09/2016 12:37,2,Rp102000,lbottom1b@blinklist.com,100,084235158040,P0000145
V0000921,31/10/2016,,1,Rp202000,mradsdale1u@imdb.com,200,083925735059,P000014
V0000922,26/6/2016,30/06/2016 16:47,2,Rp12000,agrimestone5s@jimdo.com,10,084943331218,P0000177
V0000923,18/4/2016,20/04/2016 03:19,2,Rp202000,csiegertsz2j@columbia.edu,200,082387894828,P0000140
V0000924,27/7/2016,,1,Rp52000,ffarncombe5h@theguardian.com,50,088300445379,P0000137
V0000925,6/2/2017,10/02/2017 09:54,2,Rp152000,dreefe@springer.com,150,088639326822,P000020
V0000926,21/2/2016,,1,Rp7000,tblackway61@51.la,5,089041936071,P0000113
V0000927,16/12/2016,20/12/2016 09:37,2,Rp52000,fdarrington6i@unblog.fr,50,080190617622,P0000158
V0000928,6/7/2016,,1,Rp152000,gtackell68@rambler.ru,150,088065222290,P0000153
V0000929,24/2/2017,28/02/2017 14:27,2,Rp152000,msaltsberger69@hud.gov,150,086693577153,P000090
V0000930,10/2/2016,,1,Rp202000,ptesh5a@salon.com,200,088863667126,P0000161
V0000931,2/7/2016,05/07/2016 10:59,2,Rp27000,sricardin6s@furl.net,25,085794978063,P000010
V0000932,22/4/2017,24/04/2017 18:54,2,Rp102000,bwollers2v@usnews.com,100,082504673276,P000089
V0000933,11/9/2016,,1,Rp52000,rbuckland36@last.fm,50,083267252458,P0000102
V0000934,13/12/2016,,1,Rp52000,elamcken27@hud.gov,50,080081938955,P0000200
V0000935,25/11/2016,,1,Rp12000,mrobert1i@pcworld.com,10,085869266262,P000037
V0000936,8/7/2016,11/07/2016 05:47,2,Rp7000,ccheale1p@bbc.co.uk,5,086362735784,P000050
V0000937,23/12/2016,27/12/2016 09:25,2,Rp7000,rhallick2d@shutterfly.com,5,084520550800,P000043
V0000938,25/2/2016,29/02/2016 21:36,2,Rp152000,elamcken27@hud.gov,150,080081938955,P000013
V0000939,3/7/2016,07/07/2016 13:35,2,Rp12000,mmasserel1g@epa.gov,10,088184601779,P0000156
V0000940,21/4/2016,,1,Rp202000,lcolicot4d@behance.net,200,088995677800,P0000119
V0000941,4/5/2016,07/05/2016 07:22,2,Rp52000,snavein2h@yolasite.com,50,083304827407,P0000109
V0000942,29/4/2016,03/05/2016 01:00,2,Rp152000,paskem3o@yale.edu,150,087276472964,P0000195
V0000943,12/2/2017,,1,Rp102000,minksteri@aol.com,100,089822940015,P000061
V0000944,7/6/2016,09/06/2016 13:42,2,Rp102000,cbeaman7@instagram.com,100,083888037237,P0000117
V0000945,23/6/2016,26/06/2016 15:37,2,Rp27000,erihanek66@surveymonkey.com,25,081089491133,P0000185
V0000946,14/1/2017,16/01/2017 22:56,2,Rp7000,bgenders52@noaa.gov,5,087905642654,P000043
V0000947,30/9/2016,,1,Rp152000,gmorgans14@nba.com,150,089947720529,P000097
V0000948,9/1/2017,11/01/2017 03:52,2,Rp152000,tadame4c@alexa.com,150,083954809255,P000034
V0000949,20/9/2016,24/09/2016 06:30,2,Rp202000,adwelly3u@pen.io,200,089480370270,P000042
V0000950,30/11/2016,,1,Rp27000,elamcken27@hud.gov,25,080081938955,P0000171
V0000951,23/2/2016,27/02/2016 23:43,2,Rp102000,atrowler5j@apple.com,100,084814125457,P0000173
V0000952,14/4/2017,16/04/2017 17:52,2,Rp27000,cbeaman7@instagram.com,25,083888037237,P0000171
V0000953,25/7/2016,27/07/2016 21:55,2,Rp52000,sphidgin3y@newyorker.com,50,088865981234,P000046
V0000954,13/7/2016,15/07/2016 19:24,2,Rp52000,hgisborne28@slashdot.org,50,088627968524,P0000165
V0000955,21/4/2017,23/04/2017 18:24,2,Rp27000,vgissing12@google.fr,25,081227712578,P0000185
V0000956,30/3/2016,02/04/2016 19:19,2,Rp27000,ghurleston45@netlog.com,25,082154487163,P000010
V0000957,29/12/2016,,1,Rp202000,rhallick2d@shutterfly.com,200,084520550800,P0000133
V0000958,26/1/2016,,1,Rp12000,mmobley2o@mac.com,10,087872548490,P0000107
V0000959,7/2/2017,,1,Rp27000,gtaggett5t@over-blog.com,25,088620140001,P0000115
V0000960,18/5/2016,,1,Rp202000,forudden6m@webeden.co.uk,200,080931190037,P0000133
V0000961,18/6/2016,,1,Rp12000,fsothern6c@dailymail.co.uk,10,082889919431,P000051
V0000962,28/9/2016,30/09/2016 23:33,2,Rp202000,mmobley2o@mac.com,200,087872548490,P0000126
V0000963,25/9/2016,27/09/2016 10:29,2,Rp52000,jhaggerstone6n@cisco.com,50,086702997346,P0000200
V0000964,11/4/2016,,1,Rp12000,egiles42@sitemeter.com,10,086087726649,P000016
V0000965,7/11/2016,,1,Rp27000,bgenders52@noaa.gov,25,087905642654,P0000185
V0000966,7/6/2016,09/06/2016 13:45,2,Rp202000,leason6p@wufoo.com,200,086042741789,P000070
V0000967,18/5/2016,,1,Rp52000,mhallagan3m@psu.edu,50,081741232359,P000039
V0000968,28/9/2016,,1,Rp152000,dhurne4@nydailynews.com,150,081852887905,P0000132
V0000969,2/10/2016,05/10/2016 15:27,2,Rp52000,ntye6t@dyndns.org,50,088567457252,P0000193
V0000970,20/4/2017,,1,Rp27000,hcastanaga1j@fda.gov,25,087520960388,P000066
V0000971,25/5/2016,27/05/2016 15:52,2,Rp102000,lbarbrookm@google.co.uk,100,089877161121,P000040
V0000972,13/5/2016,15/05/2016 05:06,2,Rp12000,fdarrington6i@unblog.fr,10,080190617622,P0000107
V0000973,10/3/2016,13/03/2016 21:45,2,Rp27000,vmessruther40@fc2.com,25,083764441781,P000031
V0000974,3/4/2016,07/04/2016 20:07,2,Rp152000,csaladine6a@businesswire.com,150,087630360279,P000076
V0000975,16/3/2016,,1,Rp27000,kde3g@ebay.co.uk,25,086375130638,P0000143
V0000976,14/4/2017,,1,Rp12000,cmcwhin4g@gizmodo.com,10,082640302573,P0000128
V0000977,8/8/2016,,1,Rp152000,scoppo50@facebook.com,150,080483717929,P000062
V0000978,25/1/2017,,1,Rp102000,paskem3o@yale.edu,100,087276472964,P0000152
V0000979,6/3/2017,10/03/2017 22:18,2,Rp152000,claraway1l@parallels.com,150,085029220527,P000097
V0000980,23/10/2016,,1,Rp12000,adortonl@nytimes.com,10,089629864550,P0000156
V0000981,7/7/2016,11/07/2016 07:40,2,Rp102000,djentle13@live.com,100,088328345551,P000012
V0000982,25/4/2017,,1,Rp102000,tadame4c@alexa.com,100,083954809255,P0000103
V0000983,20/3/2017,,1,Rp7000,kde3g@ebay.co.uk,5,086375130638,P0000141
V0000984,16/1/2016,19/01/2016 18:47,2,Rp102000,mtooley1s@storify.com,100,083854483381,P000075
V0000985,14/2/2016,18/02/2016 03:37,2,Rp7000,lfendleyc@amazon.co.uk,5,086030943634,P000071
V0000986,14/11/2016,16/11/2016 14:52,2,Rp27000,glarmett22@reuters.com,25,080647660331,P0000164
V0000987,15/12/2016,18/12/2016 17:00,2,Rp202000,rpigott17@vimeo.com,200,083838217143,P0000168
V0000988,13/1/2016,,1,Rp102000,cbrumen4a@skype.com,100,087202747523,P0000145
V0000989,16/1/2016,,1,Rp102000,sdadsond@qq.com,100,089405080543,P000082
V0000990,29/4/2016,,1,Rp27000,lbambrick2p@sfgate.com,25,085947800537,P0000129
V0000991,20/5/2016,,1,Rp152000,vkippie2n@google.ru,150,085350853366,P0000160
V0000992,11/1/2017,,1,Rp52000,lshillingford37@godaddy.com,50,084580644402,P000011
V0000993,12/2/2016,16/02/2016 00:47,2,Rp27000,mthebeau1v@ed.gov,25,082171202428,P0000101
V0000994,5/11/2016,08/11/2016 04:23,2,Rp7000,zbaybutt6w@cafepress.com,5,088056138111,P000029
V0000995,23/2/2017,25/02/2017 23:20,2,Rp102000,jdinesen2y@vimeo.com,100,083915236091,P000047
V0000996,12/7/2016,14/07/2016 16:25,2,Rp27000,rjodrelle1c@latimes.com,25,085817344632,P0000157
V0000997,25/11/2016,29/11/2016 15:01,2,Rp152000,gtofanon@ustream.tv,150,081614595122,P0000174
V0000998,13/8/2016,16/08/2016 01:29,2,Rp102000,adwelly3u@pen.io,100,089480370270,P000033
V0000999,26/6/2016,30/06/2016 12:17,2,Rp7000,dbeagin5d@barnesandnoble.com,5,082407112188,P0000176
V00001000,23/10/2016,,1,Rp12000,bfalshaw2@about.me,10,089250859186,P0000184
